site_id,cta_sites,incident_date,week_day,week_code,weekend,holiday,incident_time,incident_time_1,time_category,time_code,incident_category,atm,restaurant,avgtemp,maxtemp,totalsnow,sunhour,sunset,sunrise,moonrise,moonset,Temperature,weather_description,weather_code,Humidity,cloudcover,heatindex,hours_after_sunrise,hours_to_sunset,incident
142,RedLine Roosevelt Station,3/15/2020,Sunday,1,1,0,23:19,23,night,1,Disturbance ,0,7,36,37,0.04,8.7,18:58,7:01,1:14,10:55,36,Partly cloudy,1,78,55,36,16.3,-4.35,1
47,Brown/ Purple Line Chicago Station,3/15/2020,Sunday,1,1,0,19:00,19,evening,2,none,1,5,36,37,0.04,8.7,18:58,7:01,1:14,10:55,36,Partly cloudy,1,67,10,36,11.98,-0.03,0
48,Brown/ Purple Line Merchandise Mart Station,3/15/2020,Sunday,1,1,0,20:00,20,night,1,none,1,6,36,37,0.04,8.7,18:58,7:01,1:14,10:55,36,Partly cloudy,1,70,14,36,12.98,-1.03,0
142,RedLine Roosevelt Station,3/15/2020,Sunday,1,1,0,23:19,23,night,1,Disturbance ,0,7,36,37,0.04,8.7,18:58,7:01,1:14,10:55,36,Partly cloudy,1,78,55,36,16.3,-4.35,1
47,Brown/ Purple Line Chicago Station,3/15/2020,Sunday,1,1,0,19:00,19,evening,2,none,1,5,36,37,0.04,8.7,18:58,7:01,1:14,10:55,36,Partly cloudy,1,67,10,36,11.98,-0.03,0
48,Brown/ Purple Line Merchandise Mart Station,3/15/2020,Sunday,1,1,0,20:00,20,night,1,none,1,6,36,37,0.04,8.7,18:58,7:01,1:14,10:55,36,Partly cloudy,1,70,14,36,12.98,-1.03,0
6,63rd Street Lower Rail Yard,3/16/2020,Monday,2,0,0,3:34,3,late_night,3,Accident,0,0,37,41,0,5.8,18:59,7:00,2:19,11:42,36,Overcast,2,82,67,36,-3.43,15.42,1
19,Blue Line Damen Station,3/16/2020,Monday,2,0,0,22:48,22,night,1,Disturbance ,4,20,37,41,0,5.8,18:59,7:00,2:19,11:42,34,Patchy rain possible,3,80,70,36,15.8,-3.82,1
30,Blue Line Pulaski Station,3/16/2020,Monday,2,0,0,23:23,23,night,1,Disturbance ,0,0,37,41,0,5.8,18:59,7:00,2:19,11:42,34,Cloudy,4,79,65,36,16.38,-4.4,1
30,Blue Line Pulaski Station,3/16/2020,Monday,2,0,0,23:32,23,night,1,Disturbance ,0,0,37,41,0,5.8,18:59,7:00,2:19,11:42,34,Cloudy,4,79,65,36,16.53,-4.55,1
34,Blue Line Western (Forest Park) Station,3/16/2020,Monday,2,0,0,2:38,2,late_night,3,Disturbance ,0,0,37,41,0,5.8,18:59,7:00,2:19,11:42,36,Overcast,2,81,69,36,-4.37,16.35,1
142,RedLine Roosevelt Station,3/16/2020,Monday,2,0,0,2:50,2,late_night,3,Disturbance ,0,7,37,41,0,5.8,18:59,7:00,2:19,11:42,36,Overcast,2,81,69,36,-4.17,16.15,1
142,RedLine Roosevelt Station,3/16/2020,Monday,2,0,0,2:50,2,late_night,3,Weapons found,0,7,37,41,0,5.8,18:59,7:00,2:19,11:42,36,Overcast,2,81,69,36,-4.17,16.15,1
49,Brown/ Purple Line Sedgwick Station,3/16/2020,Monday,2,0,0,14:00,14,afternoon,4,none,0,2,37,41,0,5.8,18:59,7:00,2:19,11:42,39,Overcast,2,83,99,39,7,4.98,0
51,Brown/Purple Line Diversey Station,3/16/2020,Monday,2,0,0,13:00,13,afternoon,4,none,2,5,37,41,0,5.8,18:59,7:00,2:19,11:42,39,Overcast,2,83,100,39,6,5.98,0
30,Blue Line Pulaski Station,3/17/2020,Tuesday,3,0,0,23:33,23,night,1,Emergency,0,0,41,46,0,11.6,19:00,6:58,3:19,12:33,39,Partly cloudy,1,48,33,39,16.58,-4.55,1
53,Clark/Lake Station (Brown Pink Orange Purple & Green),3/17/2020,Tuesday,3,0,0,0:33,0,late_night,3,Hazards,2,2,41,46,0,11.6,19:00,6:58,3:19,12:33,36,Cloudy,4,79,60,37,-6.42,18.45,1
100,Pink/Green Clinton Station,3/17/2020,Tuesday,3,0,0,13:27,13,afternoon,4,Disturbance ,1,4,41,46,0,11.6,19:00,6:58,3:19,12:33,43,Sunny,5,42,1,43,6.48,5.55,1
116,Red Line 79th Street Station,3/17/2020,Tuesday,3,0,0,0:45,0,late_night,3,Assault,0,0,41,46,0,11.6,19:00,6:58,3:19,12:33,36,Cloudy,4,79,60,37,-6.22,18.25,1
140,Red/Purple/Brown Lines Fullerton Station,3/17/2020,Tuesday,3,0,0,3:09,3,late_night,3,Disturbance ,1,5,41,46,0,11.6,19:00,6:58,3:19,12:33,37,Patchy light snow,6,75,72,37,-3.82,15.85,1
143,Skokie Rail Yard,3/17/2020,Tuesday,3,0,0,14:08,14,afternoon,4,Motor Vehicle Vandalism,0,0,41,46,0,11.6,19:00,6:58,3:19,12:33,45,Sunny,5,39,3,45,7.17,4.87,1
52,Brown/Purple Line Wellington Station,3/17/2020,Tuesday,3,0,0,1:00,1,late_night,3,none,1,1,41,46,0,11.6,19:00,6:58,3:19,12:33,36,Cloudy,4,78,64,37,-5.97,18,0
1,Coal Yard,3/17/2020,Tuesday,3,0,0,15:00,15,afternoon,4,none,0,0,41,46,0,11.6,19:00,6:58,3:19,12:33,45,Sunny,5,37,4,45,8.03,4,0
116,Red Line 79th Street Station,3/18/2020,Wednesday,4,0,0,21:15,21,night,1,Assault,0,0,43,46,0,6.2,19:01,6:56,4:11,13:30,43,Patchy rain possible,3,91,90,43,14.32,-2.23,1
55,CTA Third Rail Training Class,3/18/2020,Wednesday,4,0,0,16:00,16,evening,2,none,0,0,43,46,0,6.2,19:01,6:56,4:11,13:30,45,Overcast,2,82,76,45,9.07,3.02,0
142,RedLine Roosevelt Station,3/19/2020,Thursday,5,0,0,10:10,10,morning,5,Disturbance ,0,7,45,48,0,6.2,19:02,6:55,4:54,14:29,43,Overcast,2,96,100,43,3.25,8.87,1
29,Blue Line O'Hare Station,3/19/2020,Thursday,5,0,0,2:20,2,late_night,3,Disturbance ,0,5,45,48,0,6.2,19:02,6:55,4:54,14:29,39,Patchy light drizzle,7,94,71,39,-4.58,16.7,1
124,Red Line Clark/Division Station,3/19/2020,Thursday,5,0,0,2:34,2,late_night,3,Disturbance ,3,7,45,48,0,6.2,19:02,6:55,4:54,14:29,39,Patchy light drizzle,7,94,71,39,-4.35,16.47,1
131,Red Line Lawrence Station,3/19/2020,Thursday,5,0,0,3:00,3,late_night,3,Disturbance ,0,1,45,48,0,6.2,19:02,6:55,4:54,14:29,39,Patchy light drizzle,7,95,70,39,-3.92,16.03,1
3,Red Line Sox-35th Station,3/19/2020,Thursday,5,0,0,3:03,3,late_night,3,Disturbance ,0,0,45,48,0,6.2,19:02,6:55,4:54,14:29,39,Patchy light drizzle,7,95,70,39,-3.87,15.98,1
143,Skokie Rail Yard,3/19/2020,Thursday,5,0,0,16:08,16,evening,2,Motor Vehicle Vandalism,0,0,45,48,0,6.2,19:02,6:55,4:54,14:29,46,Moderate rain,8,98,100,48,9.22,2.9,1
57,Green Line-South 43rd Station,3/19/2020,Thursday,5,0,0,5:00,5,early_morning,6,none,0,0,45,48,0,6.2,19:02,6:55,4:54,14:29,39,Mist,9,96,83,39,-1.92,14.03,0
58,Green Line-South 47th Station,3/19/2020,Thursday,5,0,0,10:00,10,morning,5,none,4,0,45,48,0,6.2,19:02,6:55,4:54,14:29,43,Overcast,2,96,100,43,3.08,9.03,0
131,Red Line Lawrence Station,3/20/2020,Friday,6,0,0,20:48,20,night,1,Theft,0,1,39,43,0,6.3,19:03,6:53,5:32,15:30,34,Blowing snow,10,65,76,34,13.92,-1.75,1
2,Red Line 95th/Dan Ryan Station,3/20/2020,Friday,6,0,0,16:45,16,evening,2,Disturbance ,1,2,39,43,0,6.3,19:03,6:53,5:32,15:30,36,Light snow,11,62,81,36,9.87,2.3,1
59,Green Line-South 51st Station,3/20/2020,Friday,6,0,0,6:00,6,early_morning,6,none,2,2,39,43,0,6.3,19:03,6:53,5:32,15:30,45,Light rain,12,85,100,45,-0.88,13.05,0
60,Green Line-South Ashland/63rd Station,3/20/2020,Friday,6,0,0,11:00,11,morning,5,none,1,1,39,43,0,6.3,19:03,6:53,5:32,15:30,39,Overcast,2,68,90,39,4.12,8.05,0
61,Green Line-South Cermak-McCormick Place Station,3/21/2020,Saturday,7,1,0,14:00,14,afternoon,4,none,0,0,32,32,0.04,11.6,19:05,6:51,6:03,16:30,32,Partly cloudy,1,53,8,32,7.15,5.08,0
62,Green Line-South Cottage Grove Station,3/21/2020,Saturday,7,1,0,13:00,13,afternoon,4,none,3,1,32,32,0.04,11.6,19:05,6:51,6:03,16:30,32,Partly cloudy,1,53,12,32,6.15,6.08,0
63,Green Line-South Garfield Station,3/22/2020,Sunday,1,1,0,0:00,0,late_night,3,none,1,0,34,37,1.22,7.6,19:06,6:49,6:30,17:31,30,Partly cloudy,1,64,6,30,-6.82,19.1,0
65,Green Line-South Indiana Station,3/22/2020,Sunday,1,1,0,2:00,2,late_night,3,none,1,0,34,37,1.22,7.6,19:06,6:49,6:30,17:31,32,Partly cloudy,1,64,12,32,-4.82,17.1,0
24,Blue Line Jackson Station,3/23/2020,Monday,2,0,0,23:00,23,night,1,Assault,3,4,39,45,2.13,10.3,19:07,6:48,6:55,18:30,39,Partly cloudy,1,80,17,39,16.2,-3.88,1
24,Blue Line Jackson Station,3/23/2020,Monday,2,0,0,22:57,22,night,1,Assault,3,4,39,45,2.13,10.3,19:07,6:48,6:55,18:30,39,Partly cloudy,1,79,20,39,16.15,-3.83,1
30,Blue Line Pulaski Station,3/23/2020,Monday,2,0,0,17:58,17,evening,2,Accident,0,0,39,45,2.13,10.3,19:07,6:48,6:55,18:30,43,Partly cloudy,1,69,16,43,11.17,1.15,1
41,Brown Line Kimball Station,3/23/2020,Monday,2,0,0,21:41,21,night,1,Disturbance ,2,3,39,45,2.13,10.3,19:07,6:48,6:55,18:30,41,Partly cloudy,1,77,23,41,14.88,-2.57,1
143,Skokie Rail Yard,3/23/2020,Monday,2,0,0,9:15,9,morning,5,Access Control,0,0,39,45,2.13,10.3,19:07,6:48,6:55,18:30,34,Heavy snow,13,89,88,34,2.45,9.87,1
66,Green Line-South King DriveStation,3/23/2020,Monday,2,0,0,15:00,15,afternoon,4,none,1,0,39,45,2.13,10.3,19:07,6:48,6:55,18:30,43,Partly cloudy,1,66,9,43,8.2,4.12,0
67,Green Line-West Ashland Station,3/23/2020,Monday,2,0,0,4:00,4,early_morning,6,none,1,1,39,45,2.13,10.3,19:07,6:48,6:55,18:30,34,Heavy snow,13,97,100,34,-2.8,15.12,0
116,Red Line 79th Street Station,3/24/2020,Tuesday,3,0,0,15:49,15,afternoon,4,Assault,0,0,41,45,0,11.6,19:08,6:46,7:19,19:29,45,Partly cloudy,1,67,8,45,9.05,3.32,1
129,Red Line Jackson Station,3/24/2020,Tuesday,3,0,0,5:35,5,early_morning,6,Disturbance ,2,9,41,45,0,11.6,19:08,6:46,7:19,19:29,37,Partly cloudy,1,86,17,37,-1.18,13.55,1
133,Red Line Monroe Station,3/24/2020,Tuesday,3,0,0,12:45,12,afternoon,4,Theft,5,5,41,45,0,11.6,19:08,6:46,7:19,19:29,41,Partly cloudy,1,69,11,41,5.98,6.38,1
68,Green Line-West Austin Station,3/24/2020,Tuesday,3,0,0,17:00,17,evening,2,none,0,1,41,45,0,11.6,19:08,6:46,7:19,19:29,43,Partly cloudy,1,69,6,43,10.23,2.13,0
69,Green Line-West California Station,3/24/2020,Tuesday,3,0,0,19:00,19,evening,2,none,1,0,41,45,0,11.6,19:08,6:46,7:19,19:29,43,Partly cloudy,1,72,6,43,12.23,0.13,0
6,63rd Street Lower Rail Yard,3/25/2020,Wednesday,4,0,0,5:19,5,early_morning,6,Access Control,0,0,48,55,0,11.6,19:09,6:44,7:41,20:27,39,Partly cloudy,1,89,15,39,-1.42,13.83,1
30,Blue Line Pulaski Station,3/25/2020,Wednesday,4,0,0,0:20,0,late_night,3,Emergency,0,0,48,55,0,11.6,19:09,6:44,7:41,20:27,41,Partly cloudy,1,83,14,41,-6.4,18.82,1
53,Clark/Lake Station (Brown Pink Orange Purple & Green),3/25/2020,Wednesday,4,0,0,0:38,0,late_night,3,Disturbance ,2,2,48,55,0,11.6,19:09,6:44,7:41,20:27,41,Partly cloudy,1,83,14,41,-6.1,18.52,1
142,RedLine Roosevelt Station,3/25/2020,Wednesday,4,0,0,22:24,22,night,1,Disturbance ,0,7,48,55,0,11.6,19:09,6:44,7:41,20:27,52,Partly cloudy,1,71,22,52,15.67,-3.25,1
72,Green Line-West Conservatory-Central Park Station,3/25/2020,Wednesday,4,0,0,12:00,12,afternoon,4,none,1,0,48,55,0,11.6,19:09,6:44,7:41,20:27,48,Partly cloudy,1,66,4,48,5.27,7.15,0
76,Green Line-West Oak Park Station,3/25/2020,Wednesday,4,0,0,18:00,18,evening,2,none,1,0,48,55,0,11.6,19:09,6:44,7:41,20:27,55,Partly cloudy,1,62,12,55,11.27,1.15,0
3,Red Line Sox-35th Station,3/26/2020,Thursday,5,0,0,22:30,22,night,1,Disturbance ,0,0,46,48,0,7.7,19:10,6:42,8:04,21:27,39,Moderate rain,8,86,83,39,15.8,-3.33,1
74,Green Line-West Kedzie Station,3/26/2020,Thursday,5,0,0,17:31,17,evening,2,General,1,0,46,48,0,7.7,19:10,6:42,8:04,21:27,43,Light rain,12,90,94,43,10.82,1.65,1
143,Skokie Rail Yard,3/26/2020,Thursday,5,0,0,19:09,19,evening,2,Unsecure element,0,0,46,48,0,7.7,19:10,6:42,8:04,21:27,41,Light rain,12,90,93,41,12.45,0.02,1
77,Green Line-West Pulaski Station,3/26/2020,Thursday,5,0,0,13:00,13,afternoon,4,none,1,2,46,48,0,7.7,19:10,6:42,8:04,21:27,46,Partly cloudy,1,84,79,46,6.3,6.17,0
78,Green Line-West Ridgeland Station,3/26/2020,Thursday,5,0,0,0:00,0,late_night,3,none,0,0,46,48,0,7.7,19:10,6:42,8:04,21:27,50,Clear,14,77,59,50,-6.7,19.17,0
3,Red Line Sox-35th Station,3/27/2020,Friday,6,0,0,4:00,4,early_morning,6,Disturbance ,0,0,45,50,0,6.4,19:11,6:41,8:29,22:27,39,Patchy rain possible,3,85,28,39,-2.68,15.18,1
79,"Harold Washington Library-State/Van Buren (Brown, Pink, Orange & Purple)",3/27/2020,Friday,6,0,0,3:00,3,late_night,3,none,0,2,45,50,0,6.4,19:11,6:41,8:29,22:27,39,Patchy rain possible,3,85,36,39,-3.68,16.18,0
80,"LaSalle/Van Buren (Brown,Pink,Orange & Purple)",3/27/2020,Friday,6,0,0,7:00,7,early_morning,6,none,1,4,45,50,0,6.4,19:11,6:41,8:29,22:27,41,Partly cloudy,1,86,33,41,0.32,12.18,0
3,Red Line Sox-35th Station,3/28/2020,Saturday,7,1,0,4:45,4,early_morning,6,Hazards,0,0,52,54,0,6.4,19:12,6:39,8:57,23:29,46,Light rain shower,15,99,100,46,-1.9,14.45,1
31,Blue Line Racine Station,3/28/2020,Saturday,7,1,0,3:30,3,late_night,3,Disturbance ,0,0,52,54,0,6.4,19:12,6:39,8:57,23:29,46,Light rain shower,15,98,100,46,-3.15,15.7,1
2,Red Line 95th/Dan Ryan Station,3/28/2020,Saturday,7,1,0,3:00,3,late_night,3,Disturbance ,1,2,52,54,0,6.4,19:12,6:39,8:57,23:29,46,Light rain shower,15,98,100,46,-3.65,16.2,1
143,Skokie Rail Yard,3/28/2020,Saturday,7,1,0,9:40,9,morning,5,Access Control,0,0,52,54,0,6.4,19:12,6:39,8:57,23:29,50,Heavy rain,16,99,90,50,3.02,9.53,1
84,Orange Line Kedzie Station,3/28/2020,Saturday,7,1,0,4:00,4,early_morning,6,none,0,0,52,54,0,6.4,19:12,6:39,8:57,23:29,46,Light rain shower,15,99,100,46,-2.65,15.2,0
85,Orange Line Midway Station,3/28/2020,Saturday,7,1,0,16:00,16,evening,2,none,0,0,52,54,0,6.4,19:12,6:39,8:57,23:29,54,Moderate rain,8,93,96,54,9.35,3.2,0
3,Red Line Sox-35th Station,3/29/2020,Sunday,1,1,0,4:30,4,early_morning,6,Disturbance ,0,0,48,50,0,6.4,19:14,6:37,9:29,No moonset,52,Moderate or heavy rain shower,17,72,51,52,-2.12,14.73,1
87,Orange Line Western Station,3/29/2020,Sunday,1,1,0,9:00,9,morning,5,none,1,0,48,50,0,6.4,19:14,6:37,9:29,No moonset,46,Patchy rain possible,3,72,100,46,2.38,10.23,0
89,Pink Line 18th Street Staion,3/29/2020,Sunday,1,1,0,17:00,17,evening,2,none,1,4,48,50,0,6.4,19:14,6:37,9:29,No moonset,48,Overcast,2,65,98,48,10.38,2.23,0
3,Red Line Sox-35th Station,3/30/2020,Monday,2,0,0,4:25,4,early_morning,6,Disturbance ,0,0,41,43,0,6.4,19:15,6:36,10:06,0:29,41,Patchy rain possible,3,72,66,41,-2.18,14.83,1
3,Red Line Sox-35th Station,3/30/2020,Monday,2,0,0,19:34,19,evening,2,Alarms,0,0,41,43,0,6.4,19:15,6:36,10:06,0:29,41,Overcast,2,77,72,41,12.97,-0.32,1
139,Red/Purple/Brown Lines Belmont,3/30/2020,Monday,2,0,0,23:19,23,night,1,Disturbance ,3,11,41,43,0,6.4,19:15,6:36,10:06,0:29,39,Overcast,2,81,80,39,16.72,-4.07,1
142,RedLine Roosevelt Station,3/30/2020,Monday,2,0,0,2:15,2,late_night,3,Disturbance ,0,7,41,43,0,6.4,19:15,6:36,10:06,0:29,41,Patchy rain possible,3,71,71,41,-4.35,17,1
117,Red Line 87th Street Station,3/30/2020,Monday,2,0,0,4:17,4,early_morning,6,Assault,0,0,41,43,0,6.4,19:15,6:36,10:06,0:29,41,Patchy rain possible,3,72,66,41,-2.32,14.97,1
124,Red Line Clark/Division Station,3/30/2020,Monday,2,0,0,0:41,0,late_night,3,Disturbance ,3,7,41,43,0,6.4,19:15,6:36,10:06,0:29,43,Overcast,2,70,83,43,-5.92,18.57,1
142,RedLine Roosevelt Station,3/30/2020,Monday,2,0,0,2:32,2,late_night,3,Theft,0,7,41,43,0,6.4,19:15,6:36,10:06,0:29,41,Patchy rain possible,3,71,71,41,-4.07,16.72,1
88,Pink Line 54th/Cermak Station,3/30/2020,Monday,2,0,0,6:00,6,early_morning,6,none,4,0,41,43,0,6.4,19:15,6:36,10:06,0:29,41,Partly cloudy,1,74,67,41,-0.6,13.25,0
90,Pink Line Central Park Station,3/30/2020,Monday,2,0,0,11:00,11,morning,5,none,0,0,41,43,0,6.4,19:15,6:36,10:06,0:29,43,Cloudy,4,69,81,43,4.4,8.25,0
91,Pink Line Cicero Station,3/31/2020,Tuesday,3,0,0,14:00,14,afternoon,4,none,2,0,37,39,0.08,6.4,19:16,6:34,10:52,1:30,39,Light sleet showers,18,85,100,39,7.43,5.27,0
92,Pink Line Damen Station,3/31/2020,Tuesday,3,0,0,13:00,13,afternoon,4,none,1,4,37,39,0.08,6.4,19:16,6:34,10:52,1:30,39,Moderate or heavy snow showers,19,85,100,39,6.43,6.27,0
