Report Date,Report Time,Report Number,Report Status,Report Position,Report Position Id,Site Address,Site City,Site State / Province,Site Zip / Postal Code,Incident Report:date Of Incident,Incident Report:time Of Incident,Incident Report:incident Or Maintenance Issue Type,Incident Report:other Incident Type(if Applicable):,Incident Report:site Of Incident,"Incident Report:incident Location (area, Apt Number, Et Cetera)",Incident Report:police Involved,Incident Report:ems Involved,Incident Report:fire Involved,Incident Report:arrest Made,Incident Report:narrative,Incident Report:#incident Number,Incident Report:cta Contacted
01/02/2020,01:58pm,3547,New Report,CTA Security Officer,1,3701 W Oakton Street,Chicago,IL,60077,2020-1-2,01:44pm,Accident / Property Damage,,Skokie Rail Yard,N/A,No,No,No,No,"Cut in CTA fence line. on the 1st of January 2020 while on CTA patrol at 3701 Oakton security officer Wendell Jackson noticed and identified a breach and cut in the fence line located near the front northeast corner of Track eight at approximately 12:45 p.m. the incident was reported to both security officer Sheila Kaiser and watch Commander Gillespie at approximately 13:48
 incident report number 2001 240499",2001 24099,Yes
01/07/2020,08:05pm,4332,New Report,CTA Security Officer,26,210 W. 79th Street,Chicago,IL,,2020-1-7,07:58pm,Emergency / Fatality on Premises,Sick Employee,South Shop Alpha,N/A,No,Yes,No,No,at the time and date above I report an officer allow ambulance number 24 on the property. CTA employee Tamara step tone was complaining about her eye ambulance 24 arrived at 1851 and departed at 1902 they transport CTA employee t step on to Jackson Park hospital located at 7531 South Stony Island.the manager on duty was Banks employee number 62102. there is no further information at this time.,20-01-24129,Yes
01/14/2020,02:26pm,5618,New Report,CTA Security Officer,27,7801 S. Vincennes,Chicago,IL,60620,2020-1-14,02:08pm,Access Control / Other,,Red Line 79th Street Station,N/A,No,No,No,No,"After about 12pm, the wind picked up high speeds and the left side of the gates were being pushed back opened every time I would close them. Mary Brown notified me to make a report when she asked why they were opened. I explained that it was pointless of me to keep closing the left gate without being able to secure the gate, when the wind kept pushing it back open. I am able to secure the right gate. The wind is very strong that when I thought I closed my booth door, the wind swung the door back open.",200124170,Yes
01/16/2020,07:21pm,6220,New Report,CTA Security Officer,27,7801 S. Vincennes,Chicago,IL,60620,2020-1-16,06:17pm,Emergency / Power Failure,,South Shop Bravo-Bone Yard,N/A,No,No,No,No,"At approximately 1817, I, S/O Rayburn while station inside my booth, the power went out. I contacted CTA and watch command about the incident. At 1920, I received a CTA bus. Nothing further to report.",200124188,Yes
01/22/2020,08:59am,7586,New Report,Supervisor ,30,7801 S. Vincennes,Chicago,IL,60620,2020-1-22,08:55am,Unsecure / Door,,South Shop Bravo-Bone Yard,N/A,No,No,No,No,While on patrol hitting Tracktik token I found for 302 with a rock in door holding it ajar I removed the rock secured the door and resumed my rounds,20-01-24214,No
01/27/2020,09:04am,8761,New Report,Supervisor ,30,7801 S. Vincennes,Chicago,IL,60620,2020-1-27,08:58am,Maintenance / Lighting Request,,South Shop Bravo-Bone Yard,N/A,No,No,No,No,While on patrol found one exit light out in office 7801 S. Vincennes right behind receptionist.,20-01-24238,No
01/28/2020,10:56am,9040,New Report,Supervisor ,30,7801 S. Vincennes,Chicago,IL,60620,2020-1-28,10:53am,Unsecure / Door,,South Shop Bravo-Bone Yard,N/A,No,No,No,No,While. on patrol hitting the tokens I Thurmond found door 302 unsecure with appears to be a towel holding it ajar. I removed the subject and secured doir302 and resumed my rounds.,20-01-24251,No
01/09/2020,03:38pm,4662,Approved,CTA Supervisor,60,15 West 79th Street,Chicago,IL,,2020-1-9,03:33pm,Equipment / Misuse,,Red Line 79th Street Station,N/A,Yes,No,No,No,Unknown males selling rides to passengers. Cpd arrived on site and removed them from the station.,200124141,Yes
01/03/2020,03:18am,3630,New Report,CTA Security Officer ,64,2850 S Wabash,Chicago,IL,60609,2020-1-3,11:00pm,Theft / Robbery,,Red Line Monroe Station,N/A,Yes,No,No,Yes,"phone stolen on train car
",20_01_24104,Yes
01/03/2020,03:43am,3633,New Report,CTA Security Officer ,64,2850 S Wabash,Chicago,IL,60609,2020-1-3,03:37am,Emergency / Medical,,Red Line Jackson Station,N/A,Yes,Yes,No,No,"man came upstairs requesting aide, claiming he was attacked, Engine 41
officer youmara 17494 beat 113R",20_01_24104,Yes
01/08/2020,07:27am,4432,New Report,Security Officer,55,2850 S Wabash,Chicago,IL,60609,2020-1-8,07:05am,Tresspass / Trespasser on Site,,Clark/Lake Station (Brown Pink Orange Purple & Green),N/A,No,No,No,No,as me and my partner approach Clark and Lake we notice a trespasser who has been told numerous of times that he was not allowed in the station sitting on the floor charging his phone as we walked in we immediately told him he had to leave he got up he was very drunk and aggressive so we asked the CA can he charge his phone and they said no he had to leave so we told him again that he had to go he got very loud and hostile we told him we were going to call the police if he did not leave because we ask him numerous of times he got in my face my partner stepped in between and the escalated the situation and he left,200124130,No
01/08/2020,07:44am,4435,New Report,CTA Security Officer ,64,2850 S Wabash,Chicago,IL,60609,2020-1-8,07:28am,Disturbance / Loitering,,Red Line 69th Street Station,N/A,No,No,No,No,it's a couple of man on 69th St Station selling dollar tap on and selling marijuana. CA on 69th was notified and the group of men disperses. CPD wasn't called.,N/A,No
01/08/2020,08:28am,4444,New Report,Security Officer,55,2850 S Wabash,Chicago,IL,60609,2020-1-8,08:10am,Tresspass / Trespasser on Site,,Clark/Lake Station (Brown Pink Orange Purple & Green),N/A,Yes,Yes,No,No,suspect is very intoxicated sale now he's bleeding from head and hand wear rating for EMT same suspect from earlier who was trespassing ambulance number 42 they're taking him to northwestern hospital,200124131,No
01/08/2020,11:43am,4469,New Report,CTA Security Officer ,64,2850 S Wabash,Chicago,IL,60609,2020-1-8,10:25am,Access Control / Piggy Backing / Card Lent,,Red Line 79th Street Station,N/A,No,No,No,No,While on 79th Officers Sanders and Dozier witness 3 males jump the turnstile. Officers told guys to come back and pay fare. The 3 males complied and came back to pay there fare.,N/A,No
01/08/2020,12:17pm,4475,New Report,CTA Security Officer ,64,2850 S Wabash,Chicago,IL,60609,2020-1-8,12:13pm,Disturbance / Loitering,,Red Line 87th Street Station,N/A,No,No,No,No,Officers was walking into 87th station but from lunch and it was 4 males standing around smoking cigarettes in front of door. Officer Sanders told the guys they have to smoke on the side away from the door. The gentleman complied and didn't make it a issue. Officer continue to walk in station and check for any other activity.,NA,No
01/08/2020,12:57pm,4478,New Report,Security Officer,55,2850 S Wabash,Chicago,IL,60609,2020-1-8,12:45pm,Alarms / Smoke / Order Alarm,,RedLine Roosevelt Station,N/A,No,No,No,No,lady smoking on the platform I approached her and asked her to put it out she applied everything is safe and secure,200124132,No
01/08/2020,01:20pm,4482,New Report,CTA Security Officer ,64,2850 S Wabash,Chicago,IL,60609,2020-1-8,01:13pm,Access Control / Piggy Backing / Card Lent,,Red Line 79th Street Station,N/A,No,No,No,No,Officer's was on 79th and a woman tap a man on the train. We told the women she couldn't do that on CTA property. She made a smart comment while walking away. But nothing else escalated. Officer's proceed to waiting on the next train to go to Cermak-Chinatown.,N/A,No
01/09/2020,06:59am,4607,Approved,Security Officer,55,2850 S Wabash,Chicago,IL,60609,2020-1-9,06:51am,Accident / Property Damage,,Red Line Cermak-Chinatown ,N/A,No,No,No,No,Officer's was boarding the train to go southbound to 69th. Once the train start moving. Officer Sanders noticed a man was trying to close the emergency door. But the door wouldn't close. So officer Dozier notified the CTA operator about the door on cart 5236. The operator said he was gone call it in to control .,N/A,Yes
01/10/2020,01:41am,4716,New Report,CTA Security Officer ,64,2850 S Wabash,Chicago,IL,60609,2020-1-10,01:36am,Accident / Property Damage,phone on track,Red/Purple/Brown Lines Belmont,N/A,No,No,No,No,"person dropped phone on right of way, power cut phone returned and power restored",20-01-24-143,Yes
01/10/2020,01:48am,4718,New Report,CTA Security Officer ,64,2850 S Wabash,Chicago,IL,60609,2020-1-10,01:34am,Accident / Property Damage,DROPPED PHONE ON TRACKS,Red/Purple/Brown Lines Belmont,N/A,No,No,No,No,WHILE CHECK PLATFORM AFRICA AMERICAN MALE DROPPED HIS PHONE ON THE TRACKS. OFS NOTIFIED CA IN BOOTH AT BELMONT. C.A CONTACTED CONTROL FOR CLEARANCE TO GO ON TRACKS AND RETRIEVE PHONE. CLEARANCE GRANTED PHONE WAS RETRIEVED.,20-01-24-143,Yes
01/11/2020,05:49am,4930,New Report,CTA Security Officer ,64,2850 S Wabash,Chicago,IL,60609,2020-1-11,02:05am,Disturbance / Other,,RedLine Roosevelt Station,N/A,Yes,No,No,No,we we're notified by operator 56315 that there was a 10-86 on cart number 5297 upon entering the cart there was a African American male having intercourse with a Latino female we exited the cart with them the male offender began running southbound on the right away me and officer Scott gave chase until we lost sight of the suspect and he was apprehend by CPD at cermak and they took over the situation,200124147,Yes
01/13/2020,08:10am,5308,New Report,CTA Security Officer ,64,2850 S Wabash,Chicago,IL,60609,2020-1-13,08:03am,General / Other,Graffiti,Red Line 69th Street Station,N/A,No,No,No,No,While on patrol I S/O Elder and partner S/O Lewis found graffiti on the outside on the  second entrance sign on back.,20-01-24159,No
01/13/2020,12:49pm,5347,New Report,CTA Security Officer ,64,2850 S Wabash,Chicago,IL,60609,2020-1-13,12:25pm,General / Other,graffiti,RedLine Roosevelt Station,N/A,No,No,No,No,"While S/O Sanders and Bender doing rounds on Roosevelt. We walked downstairs to the lower level platforms and found graffiti on the north end of platform in from booth inside of panel. 
",20-01-24162,No
01/13/2020,12:54pm,5349,New Report,Security Officer,55,2850 S Wabash,Chicago,IL,60609,2020-1-13,12:47pm,General / Other,grefita,Red Line Harrison Station,N/A,No,No,No,No,while on patrol I S/O Bender and Sanders found graffiti on North bound redline on track shall an on two panel.,20-01-24363,No
01/15/2020,12:56pm,5921,New Report,CTA Security Officer ,64,2850 S Wabash,Chicago,IL,60609,2020-1-15,12:35pm,Alarms / Smoke / Order Alarm,somking,RedLine Roosevelt Station,N/A,No,No,No,No,man and woman smoking on Roosevelt platform I asked them to put it out they apply nothing else needed to be done they got on the train and left,24178,No
01/17/2020,07:25pm,6462,New Report,CTA Security Officer ,64,2850 S Wabash,Chicago,IL,60609,2020-1-17,07:15pm,Disturbance / Drunkenness,,Red/Purple/Brown Lines Belmont,N/A,Yes,No,No,No,"drunk individual disturbing cta property, had to stop the train to get drunk individual off train, cpd proceeded to get him off train.",1,Yes
01/17/2020,07:26pm,6463,New Report,Security Officer,55,2850 S Wabash,Chicago,IL,60609,2020-1-17,07:15pm,Disturbance / Drunkenness,,Red/Purple/Brown Lines Belmont,N/A,Yes,No,No,Yes,"The drunk male had open liquor and was disturbing CTA Property , train was stopped to remove him from train , Police officer removed drunken African American male from train.",1,Yes
01/23/2020,09:45am,7834,New Report,CTA Security Officer ,64,2850 S Wabash,Chicago,IL,60609,2020-1-23,09:06am,Theft / Robbery,,Red Line 69th Street Station,N/A,Yes,No,No,No,"@ 9:06 individual Bedell claimed a young woman African American in her early 20s with dark clothing and hoodie pushed her and was trying to robbed her but didn't succeed on the 71st bus. me and my partner officer Dozier stopped  the  train to find individual but we did not see the alleged suspect on the platform. police was called as well, but the woman left for her personal reason and decline to make a police report. bus 71st route # 741
bus #1164  control #12  
officer: bnyder badge#1650 beep#731
customer name Bedell, 2445 east 72nd Street number 7736419921",200124220,No
01/26/2020,05:28am,8492,New Report,CTA Security Officer ,64,2850 S Wabash,Chicago,IL,60609,2020-1-26,03:05am,Disturbance / Other,disorderly conduct,Red Line 79th Street Station,N/A,No,No,No,No,"An African American female jumped the turn style and upon approaching her she proceeded to jump on the tracks and hit the third rail no injuries, then proceeded to jump on the expressway.",200124227,No
01/26/2020,08:11pm,8631,New Report,Security Officer,55,2850 S Wabash,Chicago,IL,60609,2020-1-26,08:09pm,Elevator / Stalled,,Red Line 79th Street Station,N/A,No,Yes,Yes,No,elevator got stuck coming from platform ,0,Yes
01/26/2020,08:13pm,8632,New Report,CTA Security Officer ,64,2850 S Wabash,Chicago,IL,60609,2020-1-26,08:11pm,Elevator / Person(s) Trapped,,Red Line 79th Street Station,N/A,No,No,Yes,No,2 black males we're trapped in elevator,1,Yes
01/26/2020,11:31pm,8657,New Report,CTA Security Officer ,64,2850 S Wabash,Chicago,IL,60609,2020-1-26,11:12pm,Accident / Slip or Fall,pedestrian fell on the right away,Red Line 79th Street Station,N/A,No,No,No,No,pedestrian fell on the right away security stopped the train and pulled him up,200124231,Yes
01/27/2020,09:03am,8760,New Report,CTA Security Officer ,64,2850 S Wabash,Chicago,IL,60609,2020-1-27,08:42am,Disturbance / Indecent Exposure / Behavior,,Clark/Lake Station (Brown Pink Orange Purple & Green),N/A,No,No,No,No,"African American woman wanted to board train without shoes. CTA manager assisted me to escort or ask individual to put on shoes due to safety hazard. individual caused a scene, threatening to jump. The individual finally put her shoes on and got on the blue line train. status secured",200124237,No
01/27/2020,09:57am,8770,New Report,CTA Security Officer ,64,2850 S Wabash,Chicago,IL,60609,2020-1-27,09:22am,Emergency / Medical,,Clark/Lake Station (Brown Pink Orange Purple & Green),N/A,No,Yes,No,No,"@920 on blueline Clark and Lake Caucasian male with black peacoat, grey hat, glasses was unresponsive on the train. CTA manager called ambulance. They took individual to North Western Hospital. Status Secured.  Train#117 Ambulance#74",200124239,No
01/28/2020,05:53am,8983,New Report,CTA Security Officer ,64,2850 S Wabash,Chicago,IL,60609,2020-1-28,03:00am,Disturbance / Threats,,Red Line Jackson Station,N/A,Yes,No,No,No,"person was getting robbed pulled out knife to defend himself, person fled victim released",20-01-24245,Yes
01/28/2020,09:56pm,9153,New Report,CTA Security Officer ,64,2850 S Wabash,Chicago,IL,60609,2020-1-28,09:09pm,Accident / Fatality,,Clark/Lake Station (Brown Pink Orange Purple & Green),N/A,Yes,Yes,Yes,No,"At approximately 9:09pm at Clark/Lake, I Officer Myles, Elder and Scott was. notified about an individual that fell on the track on the blue line, on the northbound O'Hare side, individual was laying on the left side of his head,  when I made contact I immediately told one of my partners to notify the CSA so that they can have Control Cut Power. I then notice a Forest Park bound train pull up to the station and immediately had the operator to contact control to cut power, once power was cut we made sure the individual didn't make contact with the third rail, Paramedics and the Fire Department was immediately notified, and once they made it on scene they help escort the individual carefully to the ambulance truck.
Ambulance#:41
Hospital: Northwestern
Star Badge: 4611 & 8385
123R",200124257,Yes
01/31/2020,02:47am,9686,New Report,CTA Security Officer ,64,2850 S Wabash,Chicago,IL,60609,2020-1-31,02:35am,Disturbance / Indecent Exposure / Behavior,,Clark/Lake Station (Brown Pink Orange Purple & Green),N/A,No,No,No,Yes,During patrols in the booth lobby area and we were requested by CTA C.A.R to remove an individual who refused to leave the elevated station on Clark and lake. Cpd was contacted after asking politely to exit. No harm to other employees or citizens .,20-124276,No
01/31/2020,03:51am,9697,New Report,CTA Security Officer ,64,2850 S Wabash,Chicago,IL,60609,2020-1-31,03:40am,Disturbance / Fighting,,Red/Purple/Brown Lines Belmont,N/A,Yes,Yes,No,No,"CA witnessed an black African American Male & Hispanic Fighting , fight didn't occur on cta property , suspec pulled victim to property &  was bleeding from the nose once cpd arrived they both fleed the scene ",20-01-124278,No
01/31/2020,03:52am,9698,New Report,CTA Security Officer ,64,2850 S Wabash,Chicago,IL,60609,2019-1-31,03:37am,Disturbance / Fighting,,Blue Line Belmont Station,N/A,Yes,No,No,No,"ca witnessed and black African American Male& Hispanic fighting, fight didn't occur on cta property suspect pulled victim to property and was bleeding from the nose once cpd arrived they both fleed the scene I notified supervisor Hernandez on the incident no further action took place.",20-01-124278,No
01/05/2020,07:21am,3950,New Report,Supervisor ,30,2850 S Wabash Ave.,Chicago ,IL,60616,2020-1-5,07:18am,Unsecure / Door,,South Shop Bravo-Bone Yard,Secondary Entrance,No,No,No,No,While on patrol I found Bay 3 door unsecure. I check interior of site no unusal findings. I secured door and resumed my rounds.,20-01-24114,No
01/05/2020,11:53am,3979,New Report,Supervisor ,30,2850 S Wabash Ave.,Chicago ,IL,60616,2020-1-5,11:42am,General / Other,graffiti,Orange Line 35th/Archer Station,Platform North Side,No,No,No,No,Graffiti found on stair handle going on track coming from loop side.Found on generator next to parking lot and as well as the trash can.,20-01-24115,No
01/05/2020,09:20pm,4037,New Report,Operations Support,58,2850 S Wabash Ave.,Chicago ,IL,60616,2020-1-5,03:54pm,Assault / Common,,Clark/Lake Station (Brown Pink Orange Purple & Green),Platform East Side,No,No,No,No,"I, Officer Cannady and my two team members where doing a routine round when we came upon the passenger involved loitering in the station. We told him he had to board a train or to leave. the passenger got upset and began to tell racial slurs at us. We stayed on the platform to make sure he boarded, and as he did so he spit in my face and on my clothing. I responded by hitting him a few times, which is how my radio fell aboard.",200124117,Yes
01/06/2020,05:14pm,4162,New Report,Operations Support,58,2850 S Wabash Ave.,Chicago ,IL,60616,2020-1-6,04:10pm,Disturbance / Mischief (nuisance),,Blue Line Pulaski Station,Main Entrance,Yes,Yes,No,No,"Patron couldn't pay his fare and was asked to leave by both officers. Patron wouldn't speak too much or explain himself, but he kept sniffling and moving around on one of his legs. His other leg appeared to be either prosthetic or as if he had some type of metal in it. It also appeared that he was falling on purpose every time he was asked to leave or told that the authorities would be called. EMS #80 arrived and he refused medical treatment. The second fall appeared to be aggressive towards Officer J. Pearson, resulting in the Customer Service Assistant calling the police. CPD #7617, beat 1132 Adams arrived and told the patron to leave the station. Patron left and hasn't returned. Patron was African-American, appeared to be in his late 20's, grey pants, dark green coat, and black shoes.",200124123,No
01/07/2020,11:20am,4261,New Report,Supervisor ,30,2850 S Wabash Ave.,Chicago ,IL,60616,2020-1-7,11:16am,General / Other,graffiti,Clark/Lake Station (Brown Pink Orange Purple & Green),Stairs,No,No,No,No,While on patrol found graffiti on stairs Harlem side going up to exchange trains ,20-01-24127,No
01/14/2020,08:45am,5561,New Report,Supervisor ,30,2850 S Wabash Ave.,Chicago ,IL,60616,2020-1-14,08:38am,Unsecure / Gate,,South Shop Bravo-Bone Yard,N/A,No,No,No,No,while on patrol I found over head unsecured on Vincennes. I secured overhead and resumed rounds.,20-01-24167,No
01/14/2020,01:17pm,5598,New Report,Supervisor ,30,2850 S Wabash Ave.,Chicago ,IL,60616,2020-1-14,01:08pm,General / Other,graffiti,RedLine Roosevelt Station,Platform South Side,No,No,No,No,While on patrol found graffiti on panel south bound .,20-01-24169,No
01/15/2020,07:55am,5876,New Report,Supervisor ,30,2850 S Wabash Ave.,Chicago ,IL,60616,2020-1-15,07:33am,General / Other,graffiti,Orange Line 35th/Archer Station,Platform South Side,No,No,No,No,"While on patrol found graffiti on track sign south bound side on track in front stairwell , and stairwell wall going to mezzzanie.
",20-01-24175,No
01/16/2020,02:27am,6074,New Report,CTA Supervisor,60,2850 S Wabash Ave.,Chicago ,IL,60616,2020-1-16,12:50am,Disturbance / Other,Verbal Assault,Red Line 79th Street Station,Platform East Side,No,No,No,No,"M/B observed exit S/B train at 79th street with unlit cigarette in his mouth, then walk over to the N/B side of platform and light said cigarette. Subject was advised of CTA policy regarding smoking on their property. When subject refused to extinguish his cigarette he was advised that CPD would be summoned, to which he replied, ""I'll knock your teeth down your throat and be gone before they get here. Subject continued to smoke his cigarette and boarded a N/B train/car #5709. Both CTA CA's came out onto the platform and the CA (badge #62106) at the platform level provide a physical description of the subject to Control as follows.
M/B, medium complexion, 40-50 yoa with locks, approx 6'3"", 250lbs, wearing dark Navy hoodie.

Request was made for CPD to respond to the scene by R/Lt after initially notifying CTA Control of incident.",20-01-24183,Yes
01/17/2020,03:47pm,6420,New Report,Operations Support,58,2850 S Wabash Ave.,Chicago ,IL,60616,2020-1-17,03:38pm,General / Authorized Property Removal,,Blue Line Pulaski Station,Platform West Side,No,No,No,No,all the detex is missing on the platform,20-0124192,No
01/19/2020,05:08pm,6879,New Report,Operations Support,58,2850 S Wabash Ave.,Chicago ,IL,60616,2020-1-19,04:55pm,Disturbance / Drugs,,Blue Line Pulaski Station,Platform East Side,Yes,No,No,No,"at 1629 a unidentified male passenger between the age of 25-30 was informed that there was no smoking on the platform. He refused to stop smoking marijuana and begin threatening officer  Locke so CPD was called, when CPD arrived they was told about the incident and inform that officer Locke wanted to file a complaint while the unidentified passenger was still at the station. However after getting both sides of the story the arriving officers let the passenger go. A Sargent was requested and once Sgt. Onesto badge #1379 arrived a report was issued to officer Locke",200124201,Yes
01/25/2020,12:46pm,8315,New Report,Supervisor ,30,2850 S Wabash Ave.,Chicago ,IL,60616,2020-1-25,12:40pm,General / Other,graffiti,Orange Line 35th/Archer Station,Secondary Entrance,No,No,No,No,"Graffiti was found in warming area on platform and second entrance on trash bin, and on newspaper stand, and parking machine.",20-01-24232,No
01/28/2020,05:41am,8980,New Report,CTA Supervisor,60,2850 S Wabash Ave.,Chicago ,IL,60616,2020-1-28,05:28am,Disturbance / Loitering,10-11 loitering with a busted zipper on his jumpsuit exposing himsel,Clark/Lake Station (Brown Pink Orange Purple & Green),Main Entrance,No,No,No,No,individual was inside the station dragging cta garbage bags. he was exposing himself due to his zipper being broken. individual complied and left the station after asking him several times to leave . status secure ,20-01-24246,No
01/13/2020,08:34am,5312,New Report,CTA Security Officer ,64,15 West 69th Street,Chicago,,60621,2020-1-13,08:27am,General / Other,,Red Line 69th Street Station,N/A,No,No,No,No,while on duty S/0 I Lewis & elder found graffiti inside station on pole near atm,20-01-241-60,No
01/15/2020,07:22am,5873,New Report,Security Officer,55,15 West 69th Street,Chicago,,60621,2020-1-15,07:03am,General / Other,,Red Line 69th Street Station,N/A,No,No,No,No,"Officer Sanders walked outside in front of the 69th St Station where the buses come , and spotted some graffiti in front of the station on a notice sign.",20-01-24174,No
01/28/2020,07:51am,9014,New Report,Supervisor ,30,220 W. Garfield Blvd,Chicago,IL,60609,2020-1-28,07:40am,General / Other,Black male appeared to have a knife,Red Line Garfield Station,N/A,Yes,No,No,No,"Arrived on the scene at 0724 CTA supervisor Bankhand (24864) and CA (53083) was on platform informed me that a black male approximately in his 30 appeared to have a knife . I walked to the middle of platform to monitor subject actions. The subject did not appear to have a knife visible at this time CPD arrived on the rail car(south bound ). Search the subject he was clean he was released. No other information was provided. 
The officers were Glinski (12910) and Dahill(11329) from beat 7371.",20-01-24247,No
01/28/2020,12:34pm,9052,New Report,Supervisor ,30,1167 S. State St.,Chicago,IL,60605,2020-1-28,12:26pm,Maintenance / Lights,,RedLine Roosevelt Station,N/A,No,No,No,No,While on patrol found Handicap elevator sign out south bound Top platform on Roosevelt near elevator north end of platform.,20-01-24252,No
01/19/2020,05:08pm,6878,New Report,CTA Security Officer ,64,530 S Pulaski Rd,Chicago,,60612,2020-1-19,04:55pm,Disturbance / Drugs,,Blue Line Pulaski Station,N/A,Yes,No,No,No,officer Locke was patrolling Pulaski blue station at 3:40 when an African American male and female stood 1 foot away from her started smoking marijuana. officer locke repeated twice that. passengers are not allowed to smoke on the platform. they continue to smoke so officer Locke called the 911 dispatch. the African American male suspect started to threaten officer Locke and move towards her. officer Locke gave all information to dispatch. cpd arrived at 3:56. no arrest were made,200124201,Yes
01/13/2020,09:45am,5321,New Report,CTA Security Officer ,64,124 W. Lake St,Chicago,IL,60601,2020-1-13,09:18am,Disturbance / Other,,Clark/Lake Station (Brown Pink Orange Purple & Green),N/A,Yes,No,No,No,Officers Sanders and Bender was coming upstairs to check Clark/Lake platform. We spotted a man sitting on a bucket. Officers told him he couldn't sit right there and he would have  to get on the train. The man told us we would have to call CPD to get him up. So I called CPD and inform them of the situation. After I called CPD the man decided to get up and go to the platform. So officers waited till CPD arrived and checked the platform to see if the man still around . But he got on the train .,N/A,No