site_id,week_day,week_code,weekend,holiday,incident_time_1,time_category,time_code,incident_category,atm,restaurant,avgtemp,maxtemp,totalsnow,sunhour,Temperature,weather_description,weather_code,Humidity,cloudcover,heatindex,hours_after_sunrise,hours_to_sunset,incident
14,Friday,1,0,0,3,late_night,1,Disturbance ,0,0,32,34,0.12,5,32,Overcast,1,76,100,32,-4.45,14.45,1
5,Wednesday,2,0,1,2,late_night,1,none,0,0,34,39,0,8.7,28,cloudy,2,82,30,28,-6.3,15.5,0
12,Wednesday,2,0,1,3,late_night,1,none,0,0,34,39,0,8.7,28,cloudy,2,83,28,28,-5.3,14.5,0
143,Thursday,3,0,0,3,late_night,1,Accident,0,0,41,45,0,5.2,43,cloudy,2,76,74,43,-5.3,14.52,1
15,Thursday,3,0,0,22,night,2,none,1,1,41,45,0,5.2,43,cloudy,2,90,64,43,13.7,-4.48,0
27,Thursday,3,0,0,23,night,2,none,0,0,41,45,0,5.2,43,cloudy,3,91,63,43,14.7,-5.48,0
129,Friday,1,0,0,23,night,2,Emergency,2,9,37,37,0,3.4,39,cloudy,2,93,62,39,14.7,-5.47,1
133,Friday,1,0,0,1,late_night,1,Theft,5,5,37,37,0,3.4,36,Overcast,1,74,100,36,-7.3,16.53,1
11,Friday,1,0,0,4,early_morning,3,none,0,0,37,37,0,3.4,39,cloudy,2,92,65,39,-4.3,13.53,0
33,Friday,1,0,0,16,evening,4,none,0,0,37,37,0,3.4,37,Overcast,1,72,100,37,7.7,1.53,0
35,Saturday,4,1,0,8,morning,5,none,2,15,34,34,0.2,3.4,32,snow,4,81,93,32,-0.3,9.55,0
36,Saturday,4,1,0,9,morning,5,none,3,2,34,34,0.2,3.4,32,snow,4,78,96,32,0.7,8.55,0
37,Saturday,4,1,0,17,evening,4,none,2,2,34,34,0.2,3.4,34,Overcast,1,68,66,34,8.7,0.55,0
53,Sunday,5,1,0,17,evening,4,Assault,2,2,36,39,0,3.4,39,cloudy,3,73,95,39,8.7,0.57,1
81,Sunday,5,1,0,19,evening,4,General,1,1,36,39,0,3.4,36,Overcast,1,69,83,36,10.7,-1.43,1
145,Sunday,5,1,0,20,night,2,Unsecure element,0,0,36,39,0,3.4,30,cloudy,2,75,35,30,11.7,-2.43,1
38,Sunday,5,1,0,5,early_morning,3,none,0,2,36,39,0,3.4,30,cloudy,2,76,23,30,-3.3,12.57,0
39,Sunday,5,1,0,10,morning,5,none,1,3,36,39,0,3.4,34,cloudy,2,70,76,34,1.7,7.57,0
30,Monday,6,0,0,10,morning,5,Disturbance ,0,0,34,37,0,6.9,36,cloudy,2,56,84,36,1.7,7.58,1
40,Monday,6,0,0,18,evening,4,none,0,4,34,37,0,6.9,36,Overcast,1,58,100,36,9.7,-0.42,0
43,Monday,6,0,0,6,early_morning,3,none,0,1,34,37,0,6.9,30,cloudy,2,66,14,30,-2.3,11.58,0
53,Tuesday,7,0,0,6,early_morning,3,General,2,2,36,37,0,6.9,36,cloudy,3,63,41,36,-2.3,11.6,1
125,Tuesday,7,0,0,11,morning,5,Disturbance ,0,0,36,37,0,6.9,36,cloudy,3,66,32,36,2.7,6.6,1
144,Tuesday,7,0,0,14,afternoon,6,Emergency,0,0,36,37,0,6.9,36,cloudy,2,52,80,36,5.7,3.6,1
44,Tuesday,7,0,0,0,late_night,1,none,1,2,36,37,0,6.9,34,Overcast,1,53,55,36,-8.3,17.6,0
45,Tuesday,7,0,0,2,late_night,1,none,1,3,36,37,0,6.9,34,cloudy,2,50,69,34,-6.3,15.6,0
29,Wednesday,2,0,0,17,evening,4,General,0,5,21,23,0,8.7,21,cloudy,2,46,20,23,9.35,-0.03,1
29,Wednesday,2,0,0,15,afternoon,6,Emergency,0,5,21,23,0,8.7,23,cloudy,2,40,12,23,6.82,2.5,1
53,Wednesday,2,0,0,7,early_morning,3,Tresspass,2,2,21,23,0,8.7,23,cloudy,2,50,6,23,-1.22,10.53,1
53,Wednesday,2,0,0,8,morning,5,Tresspass,2,2,21,23,0,8.7,21,cloudy,2,49,6,21,-0.13,9.45,1
115,Wednesday,2,0,0,7,early_morning,3,Disturbance ,0,0,21,23,0,8.7,23,cloudy,2,50,6,23,-0.83,10.15,1
116,Wednesday,2,0,0,10,morning,5,Access Control,0,0,21,23,0,8.7,21,cloudy,2,46,7,21,2.12,7.2,1
116,Wednesday,2,0,0,13,afternoon,6,Access Control,0,0,21,23,0,8.7,21,cloudy,2,41,10,21,4.92,4.4,1
117,Wednesday,2,0,0,12,afternoon,6,Disturbance ,0,0,21,23,0,8.7,21,cloudy,2,41,9,21,3.92,5.4,1
125,Wednesday,2,0,0,15,afternoon,6,Disturbance ,0,0,21,23,0,8.7,23,cloudy,2,40,12,23,7.2,2.12,1
131,Wednesday,2,0,0,7,early_morning,3,Disturbance ,0,1,21,23,0,8.7,23,cloudy,2,50,6,23,-0.6,9.92,1
141,Wednesday,2,0,0,7,early_morning,3,Tresspass,0,7,21,23,0,8.7,23,cloudy,2,50,6,23,-0.8,10.12,1
142,Wednesday,2,0,0,12,afternoon,6,Alarms,0,7,21,23,0,8.7,21,cloudy,2,41,9,21,4.45,4.87,1
47,Wednesday,2,0,0,20,night,2,none,1,5,21,23,0,8.7,18,cloudy,2,55,17,21,11.7,-2.38,0
48,Wednesday,2,0,0,21,night,2,none,1,6,21,23,0,8.7,16,cloudy,2,57,14,21,12.7,-3.38,0
101,Thursday,3,0,0,17,evening,4,General,1,0,39,43,0,5.2,41,drizzle,5,73,83,45,8.95,0.38,1
24,Thursday,3,0,0,10,morning,5,Disturbance ,3,4,39,43,0,5.2,37,cloudy,2,69,61,37,2.57,6.77,1
96,Thursday,3,0,0,7,early_morning,3,Disturbance ,0,0,39,43,0,5.2,34,cloudy,2,60,21,34,-0.8,10.13,1
116,Thursday,3,0,0,15,afternoon,6,Equipment Misuse,0,0,39,43,0,5.2,43,drizzle,6,69,73,43,7.25,2.08,1
122,Thursday,3,0,0,6,early_morning,3,Accident,0,0,39,43,0,5.2,32,cloudy,2,56,7,32,-1.45,10.78,1
133,Thursday,3,0,0,22,night,2,Assault,5,5,39,43,0,5.2,37,drizzle,6,85,72,41,14.47,-5.13,1
49,Thursday,3,0,0,14,afternoon,6,none,0,2,39,43,0,5.2,41,drizzle,6,70,76,41,5.7,3.63,0
51,Thursday,3,0,0,13,afternoon,6,none,2,5,39,43,0,5.2,41,cloudy,3,71,80,41,4.7,4.63,0
123,Friday,1,0,0,0,late_night,1,Disturbance ,1,5,41,45,0,3.5,43,cloudy,2,88,83,43,-8.07,17.43,1
31,Friday,1,0,0,7,early_morning,3,Assault,0,0,41,45,0,3.5,45,drizzle,6,96,100,45,-1.12,10.48,1
53,Friday,1,0,0,16,evening,4,Weapons found,2,2,41,45,0,3.5,37,Overcast,1,90,100,39,8.22,1.15,1
83,Friday,1,0,0,17,evening,4,Disturbance ,0,0,41,45,0,3.5,36,rain,7,91,100,39,9.38,-0.02,1
130,Friday,1,0,0,7,early_morning,3,Tresspass,2,1,41,45,0,3.5,45,drizzle,6,96,100,45,-0.67,10.03,1
131,Friday,1,0,0,8,morning,5,Assault,0,1,41,45,0,3.5,45,rain,8,96,100,45,0.47,8.9,1
139,Friday,1,0,0,1,late_night,1,Accident,3,11,41,45,0,3.5,43,cloudy,2,89,89,45,-6.68,16.05,1
139,Friday,1,0,0,1,late_night,1,Accident,3,11,41,45,0,3.5,43,cloudy,2,89,89,45,-6.72,16.08,1
52,Friday,1,0,0,4,early_morning,3,none,1,1,41,45,0,3.5,46,rain,7,94,100,46,-4.28,13.65,0
1,Friday,1,0,0,16,evening,4,none,0,0,41,45,0,3.5,37,Overcast,1,90,100,39,7.72,1.65,0
139,Saturday,4,1,0,10,morning,5,Disturbance ,3,11,34,39,0,3.5,36,rain,9,86,100,36,2.2,7.18,1
22,Saturday,4,1,0,22,night,2,Disturbance ,0,0,34,39,0,3.5,30,snow,10,92,100,30,14.35,-4.97,1
114,Saturday,4,1,0,21,night,2,General,0,0,34,39,0,3.5,30,snow,10,93,100,30,13.63,-4.25,1
125,Saturday,4,1,0,23,night,2,Disturbance ,0,0,34,39,0,3.5,30,snow,10,91,100,30,15.32,-5.93,1
142,Saturday,4,1,0,2,late_night,1,Disturbance ,0,7,34,39,0,3.5,37,rain,9,94,100,39,-6.2,15.58,1
55,Saturday,4,1,0,21,night,2,none,0,0,34,39,0,3.5,30,snow,10,93,100,30,12.72,-3.33,0
57,Sunday,5,1,0,5,early_morning,3,none,0,0,28,32,0.75,5.2,27,snow,4,90,83,27,-3.28,12.68,0
58,Sunday,5,1,0,10,morning,5,none,4,0,28,32,0.75,5.2,27,snow,11,88,52,27,1.72,7.68,0
59,Sunday,5,1,0,12,afternoon,6,none,2,2,28,32,0.75,5.2,28,cloudy,2,86,77,28,3.72,5.68,0
53,Monday,6,0,0,9,morning,5,Disturbance ,2,2,32,34,0.12,3.5,32,snow,12,87,97,32,1.03,8.4,1
115,Monday,6,0,0,8,morning,5,General,0,0,32,34,0.12,3.5,32,snow,12,87,98,32,-0.22,9.65,1
115,Monday,6,0,0,8,morning,5,General,0,0,32,34,0.12,3.5,32,snow,12,87,98,32,0.18,9.25,1
123,Monday,6,0,0,22,night,2,Disturbance ,1,5,32,34,0.12,3.5,28,cloudy,2,84,58,32,14.1,-4.67,1
128,Monday,6,0,0,12,afternoon,6,General,0,0,32,34,0.12,3.5,32,Overcast,1,83,95,32,4.52,4.92,1
60,Monday,6,0,0,0,late_night,1,none,1,1,32,34,0.12,3.5,30,snow,12,89,97,30,-8.27,17.7,0
128,Monday,6,0,0,0,late_night,1,General,0,0,32,34,0.12,3.5,30,snow,12,89,97,30,-7.33,16.77,1
142,Monday,6,0,0,12,afternoon,6,General,0,7,32,34,0.12,3.5,32,Overcast,1,83,95,32,4.15,5.28,1
61,Monday,6,0,0,7,early_morning,3,none,0,0,32,34,0.12,3.5,32,snow,13,87,99,32,-1.27,10.7,0
62,Monday,6,0,0,22,night,2,none,3,1,32,34,0.12,3.5,28,cloudy,2,84,58,32,13.73,-4.3,0
126,Tuesday,7,0,0,4,early_morning,3,Disturbance ,0,6,37,39,0,3.5,34,Overcast,1,91,96,34,-4.25,13.7,1
24,Tuesday,7,0,0,5,early_morning,3,Tresspass,3,4,37,39,0,3.5,34,Overcast,1,92,92,34,-3.03,12.48,1
116,Tuesday,7,0,0,14,afternoon,6,Access Control,0,0,37,39,0,3.5,37,Overcast,1,86,81,37,5.87,3.58,1
135,Tuesday,7,0,0,22,night,2,Disturbance ,0,1,37,39,0,3.5,34,cloudy,2,88,15,34,14.72,-5.27,1
142,Tuesday,7,0,0,13,afternoon,6,General,0,7,37,39,0,3.5,37,Overcast,1,87,85,37,4.87,4.58,1
145,Tuesday,7,0,0,8,morning,5,Unsecure element,0,0,37,39,0,3.5,36,cloudy,3,92,89,36,0.37,9.08,1
63,Tuesday,7,0,0,9,morning,5,none,1,0,37,39,0,3.5,36,cloudy,3,92,88,36,0.73,8.72,0
65,Tuesday,7,0,0,17,evening,4,none,1,0,37,39,0,3.5,37,cloudy,3,86,47,37,8.73,0.72,0
56,Wednesday,2,0,0,23,night,2,Disturbance ,0,0,36,37,0,3.5,30,Overcast,1,75,90,30,14.73,-5.27,1
81,Wednesday,2,0,0,7,early_morning,3,General,1,1,36,37,0,3.5,34,cloudy,2,86,31,34,-0.72,10.18,1
102,Wednesday,2,0,0,2,late_night,1,General,0,6,36,37,0,3.5,34,cloudy,2,84,5,34,-6.13,15.6,1
115,Wednesday,2,0,0,7,early_morning,3,General,0,0,36,37,0,3.5,34,cloudy,2,86,31,34,-1.22,10.68,1
142,Wednesday,2,0,0,12,afternoon,6,Alarms,0,7,36,37,0,3.5,36,drizzle,6,87,97,36,4.32,5.15,1
142,Wednesday,2,0,0,2,late_night,1,Tresspass,0,7,36,37,0,3.5,34,cloudy,2,84,5,34,-6.27,15.73,1
66,Wednesday,2,0,0,18,evening,4,none,1,0,36,37,0,3.5,34,rain,7,88,79,39,9.73,-0.27,0
67,Wednesday,2,0,0,6,early_morning,3,none,1,1,36,37,0,3.5,34,cloudy,2,86,13,34,-2.27,11.73,0
142,Thursday,3,0,0,13,afternoon,6,Disturbance ,0,7,21,23,0,8.7,19,Sunny,14,59,0,19,4.93,4.57,1
142,Thursday,3,0,0,19,evening,4,Theft,0,7,21,23,0,8.7,21,Sunny,14,61,5,21,11.7,-2.2,1
116,Thursday,3,0,0,0,late_night,1,Disturbance ,0,0,21,23,0,8.7,28,Overcast,1,72,91,28,-7.42,16.92,1
122,Thursday,3,0,0,10,morning,5,Disturbance ,0,0,21,23,0,8.7,19,cloudy,2,66,8,19,2.5,7,1
129,Thursday,3,0,0,0,late_night,1,General,2,9,21,23,0,8.7,28,Overcast,1,72,91,28,-7.92,17.42,1
145,Thursday,3,0,0,18,evening,4,Emergency,0,0,21,23,0,8.7,21,Sunny,14,59,4,21,10.03,-0.53,1
68,Thursday,3,0,0,7,early_morning,3,none,0,1,21,23,0,8.7,21,Overcast,1,72,41,21,-1.25,10.75,0
69,Thursday,3,0,0,22,night,2,none,1,0,21,23,0,8.7,19,cloudy,2,66,12,19,13.75,-4.25,0
30,Friday,1,0,0,9,morning,5,Accident,0,0,28,30,1.34,5.2,27,cloudy,2,70,40,27,1.63,7.9,1
122,Friday,1,0,0,10,morning,5,Disturbance ,0,0,28,30,1.34,5.2,27,cloudy,2,66,48,27,2.5,7.03,1
30,Friday,1,0,0,18,evening,4,Disturbance ,0,0,28,30,1.34,5.2,28,snow,15,74,89,28,10.58,-1.05,1
30,Friday,1,0,0,15,afternoon,6,General,0,0,28,30,1.34,5.2,30,cloudy,3,52,73,30,7.38,2.15,1
117,Friday,1,0,0,22,night,2,Disturbance ,0,0,28,30,1.34,5.2,25,snow,4,91,100,28,13.78,-4.25,1
136,Friday,1,0,0,22,night,2,Disturbance ,1,4,28,30,1.34,5.2,25,snow,4,91,100,28,14.57,-5.03,1
139,Friday,1,0,0,19,evening,4,Disturbance ,3,11,28,30,1.34,5.2,27,snow,15,79,92,28,11,-1.47,1
139,Friday,1,0,0,19,evening,4,Disturbance ,3,11,28,30,1.34,5.2,27,snow,15,79,92,28,11,-1.47,1
72,Friday,1,0,0,19,evening,4,none,1,0,28,30,1.34,5.2,27,snow,15,79,92,28,10.75,-1.22,0
76,Friday,1,0,0,20,night,2,none,1,0,28,30,1.34,5.2,27,snow,4,85,96,28,11.75,-2.22,0
115,Saturday,4,1,0,0,late_night,1,Disturbance ,0,0,36,37,1.77,3.5,28,snow,10,93,100,28,-8,17.57,1
128,Saturday,4,1,0,3,late_night,1,Unsecure element,0,0,36,37,1.77,3.5,32,snow,16,95,100,32,-5.07,14.63,1
133,Saturday,4,1,0,23,night,2,Disturbance ,5,5,36,37,1.77,3.5,16,snow,17,77,100,18,14.88,-5.32,1
141,Saturday,4,1,0,0,late_night,1,Disturbance ,0,7,36,37,1.77,3.5,28,snow,10,93,100,28,-7.47,17.03,1
77,Saturday,4,1,0,18,evening,4,none,1,2,36,37,1.77,3.5,27,snow,10,85,100,32,9.77,-0.2,0
78,Saturday,4,1,0,6,early_morning,3,none,0,0,36,37,1.77,3.5,34,rain,18,97,100,34,-2.23,11.8,0
30,Sunday,5,1,0,16,evening,4,Disturbance ,0,0,12,19,0,3.5,18,snow,12,76,64,18,8.68,0.9,1
30,Sunday,5,1,0,16,evening,4,Disturbance ,0,0,12,19,0,3.5,18,snow,12,76,64,18,8.68,0.9,1
30,Sunday,5,1,0,2,late_night,1,Disturbance ,0,0,12,19,0,3.5,9,snow,17,78,100,9,-5.77,15.35,1
41,Sunday,5,1,0,2,late_night,1,Disturbance ,2,3,12,19,0,3.5,9,snow,17,78,100,9,-5.77,15.35,1
79,Sunday,5,1,0,2,late_night,1,none,0,2,12,19,0,3.5,9,snow,17,78,100,9,-6.23,15.82,0
80,Sunday,5,1,0,3,late_night,1,none,1,4,12,19,0,3.5,7,snow,17,79,100,7,-5.23,14.82,0
41,Monday,6,0,1,6,early_morning,3,General,2,3,25,28,0.94,5.2,23,snow,4,90,61,23,-1.25,10.87,1
17,Monday,6,0,1,0,late_night,1,Disturbance ,1,0,25,28,0.94,5.2,16,cloudy,3,89,67,18,-7.83,17.45,1
41,Monday,6,0,1,2,late_night,1,Tresspass,2,3,25,28,0.94,5.2,19,snow,11,90,70,21,-5.58,15.2,1
129,Monday,6,0,1,3,late_night,1,Disturbance ,2,9,25,28,0.94,5.2,21,snow,11,90,72,21,-5.1,14.72,1
84,Monday,6,0,1,15,afternoon,6,none,0,0,25,28,0.94,5.2,28,snow,11,79,77,28,6.78,2.83,0
85,Monday,6,0,1,4,early_morning,3,none,0,0,25,28,0.94,5.2,21,snow,11,90,68,21,-4.22,13.83,0
30,Tuesday,7,0,0,13,afternoon,6,General,0,0,23,28,0,8.7,25,cloudy,2,74,4,25,4.85,4.8,1
87,Tuesday,7,0,0,8,morning,5,none,1,0,23,28,0,8.7,21,cloudy,2,83,9,21,-0.2,9.85,0
89,Tuesday,7,0,0,9,morning,5,none,1,4,23,28,0,8.7,21,cloudy,2,83,10,21,0.8,8.85,0
16,Wednesday,2,0,0,11,morning,5,Disturbance ,1,0,30,34,0,5.3,30,Overcast,1,68,58,30,2.93,6.75,1
16,Wednesday,2,0,0,13,afternoon,6,Tresspass,1,0,30,34,0,5.3,30,Overcast,1,66,37,30,4.8,4.88,1
53,Wednesday,2,0,0,16,evening,4,Disturbance ,2,2,30,34,0,5.3,32,cloudy,2,61,79,32,8.65,1.03,1
133,Wednesday,2,0,0,6,early_morning,3,Tresspass,5,5,30,34,0,5.3,27,cloudy,2,78,77,27,-1.95,11.63,1
145,Wednesday,2,0,0,8,morning,5,Unsecure element,0,0,30,34,0,5.3,27,Overcast,1,74,92,27,0.72,8.97,1
88,Wednesday,2,0,0,10,morning,5,none,4,0,30,34,0,5.3,28,Overcast,1,70,79,28,1.8,7.88,0
90,Wednesday,2,0,0,12,afternoon,6,none,0,0,30,34,0,5.3,30,Overcast,1,66,37,30,3.8,5.88,0
10,Thursday,3,0,0,16,evening,4,Disturbance ,4,20,32,34,1.18,3.5,34,sleet,19,96,100,34,7.98,1.73,1
10,Thursday,3,0,0,17,evening,4,Theft,4,20,32,34,1.18,3.5,34,sleet,19,95,100,34,9.23,0.48,1
10,Thursday,3,0,0,2,late_night,1,Disturbance ,4,20,32,34,1.18,3.5,30,Overcast,1,73,100,30,-5.42,15.13,1
115,Thursday,3,0,0,9,morning,5,Theft,0,0,32,34,1.18,3.5,30,snow,4,95,100,30,0.92,8.8,1
116,Thursday,3,0,0,5,early_morning,3,Tresspass,0,0,32,34,1.18,3.5,30,snow,4,88,100,30,-2.32,12.03,1
91,Thursday,3,0,0,0,late_night,1,none,2,0,32,34,1.18,3.5,32,Overcast,1,60,100,32,-8.18,17.9,0
92,Thursday,3,0,0,2,late_night,1,none,1,4,32,34,1.18,3.5,30,Overcast,1,73,100,30,-6.18,15.9,0
73,Friday,1,0,0,21,night,2,Disturbance ,0,4,36,36,0,3.5,34,rain,20,99,100,34,13.33,-3.58,1
142,Friday,1,0,0,21,night,2,Disturbance ,0,7,36,36,0,3.5,34,rain,20,99,100,34,13.42,-3.67,1
14,Friday,1,0,0,23,night,2,Emergency,0,0,36,36,0,3.5,34,sleet,19,99,100,34,15.18,-5.43,1
41,Friday,1,0,0,5,early_morning,3,Disturbance ,2,3,36,36,0,3.5,36,rain,8,96,100,36,-2.67,12.42,1
50,Friday,1,0,0,22,night,2,Disturbance ,3,4,36,36,0,3.5,34,rain,20,99,100,34,14.63,-4.88,1
73,Friday,1,0,0,4,early_morning,3,Disturbance ,0,4,36,36,0,3.5,36,rain,8,96,100,36,-3.58,13.33,1
141,Friday,1,0,0,11,morning,5,Theft,0,7,36,36,0,3.5,36,rain,7,98,100,36,2.92,6.83,1
141,Friday,1,0,0,11,morning,5,Disturbance ,0,7,36,36,0,3.5,36,rain,7,98,100,36,3.25,6.5,1
147,Friday,1,0,0,22,night,2,General,2,10,36,36,0,3.5,34,rain,20,99,100,34,14.17,-4.42,1
95,Friday,1,0,0,9,morning,5,none,2,3,36,36,0,3.5,36,rain,8,97,100,36,0.83,8.92,0
98,Friday,1,0,0,17,evening,4,none,4,1,36,36,0,3.5,36,rain,8,99,100,36,8.83,0.92,0
24,Saturday,4,1,0,0,late_night,1,Assault,3,4,34,34,2.8,3.5,34,sleet,19,99,100,34,-7.55,17.32,1
70,Saturday,4,1,0,22,night,2,Disturbance ,0,2,34,34,2.8,3.5,32,snow,4,93,100,32,13.83,-4.07,1
81,Saturday,4,1,0,12,afternoon,6,General,1,1,34,34,2.8,3.5,34,snow,4,98,100,34,4.5,5.27,1
124,Saturday,4,1,0,0,late_night,1,Disturbance ,3,7,34,34,2.8,3.5,34,sleet,19,99,100,34,-7.82,17.58,1
124,Saturday,4,1,0,1,late_night,1,Disturbance ,3,7,34,34,2.8,3.5,34,sleet,19,99,100,34,-6.38,16.15,1
126,Saturday,4,1,0,2,late_night,1,none,0,6,34,34,2.8,3.5,34,sleet,21,99,100,34,-5.5,15.27,1
129,Saturday,4,1,0,23,night,2,Disturbance ,2,9,34,34,2.8,3.5,32,snow,13,93,100,32,15.5,-5.73,1
142,Saturday,4,1,0,3,late_night,1,Emergency,0,7,34,34,2.8,3.5,34,sleet,21,99,100,34,-4.47,14.23,1
147,Saturday,4,1,0,23,night,2,Assault,2,10,34,34,2.8,3.5,32,snow,13,93,100,32,14.85,-5.08,1
99,Saturday,4,1,0,14,afternoon,6,none,1,3,34,34,2.8,3.5,34,snow,4,97,100,34,5.83,3.93,0
103,Saturday,4,1,0,13,afternoon,6,none,0,0,34,34,2.8,3.5,34,snow,4,98,100,34,4.83,4.93,0
116,Sunday,5,1,0,3,late_night,1,Disturbance ,0,0,32,34,0.16,3.6,32,snow,12,93,100,32,-5.07,14.88,1
116,Sunday,5,1,0,20,night,2,Elevator issue,0,0,32,34,0.16,3.6,30,snow,13,89,97,30,12,-2.18,1
116,Sunday,5,1,0,20,night,2,Elevator issue,0,0,32,34,0.16,3.6,30,snow,13,89,97,30,12.03,-2.22,1
116,Sunday,5,1,0,23,night,2,Accident,0,0,32,34,0.16,3.6,30,Overcast,1,89,97,30,15.05,-5.23,1
117,Sunday,5,1,0,20,night,2,General,0,0,32,34,0.16,3.6,30,snow,13,89,97,30,12.4,-2.58,1
123,Sunday,5,1,0,3,late_night,1,Disturbance ,1,5,32,34,0.16,3.6,32,snow,12,93,100,32,-4.48,14.3,1
125,Sunday,5,1,0,17,evening,4,Assault,0,0,32,34,0.16,3.6,32,Overcast,1,89,98,32,9.62,0.2,1
129,Sunday,5,1,0,1,late_night,1,Disturbance ,2,9,32,34,0.16,3.6,32,snow,13,93,100,32,-7.15,16.97,1
104,Sunday,5,1,0,4,early_morning,3,none,0,1,32,34,0.16,3.6,32,snow,12,92,100,32,-4.15,13.97,0
105,Sunday,5,1,0,16,evening,4,none,0,0,32,34,0.16,3.6,34,Overcast,1,89,97,34,7.85,1.97,0
13,Monday,6,0,0,4,early_morning,3,Disturbance ,0,0,32,34,0,3.6,30,Overcast,1,91,95,30,-4.03,13.88,1
53,Monday,6,0,0,8,morning,5,Disturbance ,2,2,32,34,0,3.6,30,snow,13,91,85,30,0.57,9.28,1
53,Monday,6,0,0,9,morning,5,Emergency,2,2,32,34,0,3.6,30,snow,13,90,84,30,1.23,8.62,1
125,Monday,6,0,0,16,evening,4,General,0,0,32,34,0,3.6,34,Overcast,1,85,92,34,8.58,1.27,1
129,Monday,6,0,0,5,early_morning,3,Disturbance ,2,9,32,34,0,3.6,30,Overcast,1,91,91,30,-2.72,12.57,1
145,Monday,6,0,0,8,morning,5,Maintenance,0,0,32,34,0,3.6,30,snow,13,91,85,30,0.83,9.02,1
106,Monday,6,0,0,5,early_morning,3,none,0,1,32,34,0,3.6,30,Overcast,1,91,91,30,-3.13,12.98,0
108,Monday,6,0,0,10,morning,5,none,0,0,32,34,0,3.6,32,snow,13,89,87,32,1.87,7.98,0
7,Tuesday,7,0,0,18,evening,4,Assault,1,5,32,34,0.16,5,32,cloudy,3,77,84,32,10.02,-0.13,1
53,Tuesday,7,0,0,21,night,2,Accident,2,2,32,34,0.16,5,30,cloudy,3,79,92,30,13.03,-3.15,1
53,Tuesday,7,0,0,5,early_morning,3,Disturbance ,2,2,32,34,0.16,5,30,snow,13,90,73,30,-2.65,12.53,1
94,Tuesday,7,0,0,7,early_morning,3,Disturbance ,0,0,32,34,0.16,5,30,snow,13,88,67,30,-0.33,10.22,1
125,Tuesday,7,0,0,7,early_morning,3,General,0,0,32,34,0.16,5,30,snow,13,88,67,30,-0.45,10.33,1
125,Tuesday,7,0,0,7,early_morning,3,Assault,0,0,32,34,0.16,5,30,snow,13,88,67,30,-0.95,10.83,1
129,Tuesday,7,0,0,3,late_night,1,Disturbance ,2,9,32,34,0.16,5,30,snow,22,92,85,30,-5.12,15,1
129,Tuesday,7,0,0,3,late_night,1,Disturbance ,2,9,32,34,0.16,5,30,snow,22,92,85,30,-5.12,15,1
133,Tuesday,7,0,0,17,evening,4,Access Control,5,5,32,34,0.16,5,32,cloudy,3,76,85,32,9.2,0.68,1
142,Tuesday,7,0,0,12,afternoon,6,Maintenance,0,7,32,34,0.16,5,32,cloudy,3,76,78,32,4.32,5.57,1
142,Tuesday,7,0,0,19,evening,4,Access Control,0,7,32,34,0.16,5,32,cloudy,3,78,87,32,10.88,-1,1
145,Tuesday,7,0,0,10,morning,5,Unsecure element,0,0,32,34,0.16,5,30,snow,23,81,71,30,2.77,7.12,1
109,Tuesday,7,0,0,1,late_night,1,none,0,3,32,34,0.16,5,30,snow,22,92,95,32,-7.12,17,0
110,Tuesday,7,0,0,15,afternoon,6,none,0,0,32,34,0.16,5,34,cloudy,3,73,85,34,6.88,3,0
75,Wednesday,2,0,0,15,afternoon,6,Theft,3,3,30,32,0.12,5,32,Overcast,1,76,100,32,7.35,2.57,1
81,Wednesday,2,0,0,18,evening,4,Disturbance ,1,1,30,32,0.12,5,32,snow,13,77,100,32,10.63,-0.72,1
101,Wednesday,2,0,0,18,evening,4,Emergency,1,0,30,32,0.12,5,32,snow,13,77,100,32,10.37,-0.45,1
111,Wednesday,2,0,0,9,morning,5,none,1,8,30,32,0.12,5,30,snow,13,81,94,30,0.9,9.02,0
118,Wednesday,2,0,0,17,evening,4,none,3,9,30,32,0.12,5,32,snow,13,76,100,32,8.9,1.02,0
101,Thursday,3,0,0,14,afternoon,6,Disturbance ,1,0,32,34,0,5,32,Overcast,1,72,97,32,6.08,3.88,1
133,Thursday,3,0,0,18,evening,4,Disturbance ,5,5,32,34,0,5,32,Overcast,1,75,100,32,10.3,-0.33,1
133,Thursday,3,0,0,18,evening,4,Theft,5,5,32,34,0,5,32,Overcast,1,75,100,32,10.9,-0.93,1
133,Thursday,3,0,0,21,night,2,Disturbance ,5,5,32,34,0,5,32,Overcast,1,76,100,32,13.17,-3.2,1
133,Thursday,3,0,0,21,night,2,Disturbance ,5,5,32,34,0,5,32,Overcast,1,76,100,32,13.83,-3.87,1
120,Thursday,3,0,0,12,afternoon,6,none,0,6,32,34,0,5,32,cloudy,3,74,91,32,3.92,6.05,0
121,Thursday,3,0,0,18,evening,4,none,0,9,32,34,0,5,32,Overcast,1,75,100,32,9.92,0.05,0
133,Friday,1,0,0,15,afternoon,6,Disturbance ,5,5,32,34,0.12,5,34,Overcast,1,81,98,34,7.27,2.73,1
25,Friday,1,0,0,8,morning,5,Emergency,0,0,32,34,0.12,5,30,snow,12,90,100,30,0.77,9.23,1
53,Friday,1,0,0,2,late_night,1,Disturbance ,2,2,32,34,0.12,5,32,Overcast,1,75,100,32,-5.48,15.48,1
139,Friday,1,0,0,3,late_night,1,Disturbance ,3,11,32,34,0.12,5,32,Overcast,1,76,100,32,-4.4,14.4,1
137,Friday,1,0,0,0,late_night,1,none,2,6,32,34,0.12,5,32,Overcast,1,75,100,32,-8.07,18.07,0
146,Friday,1,0,0,2,late_night,1,none,0,0,32,34,0.12,5,32,Overcast,1,75,100,32,-6.07,16.07,0
29,Saturday,4,1,0,1,late_night,1,Accident,0,5,34,36,0.67,5,32,Overcast,1,91,100,32,-6.72,16.75,1
30,Saturday,4,1,0,1,late_night,1,General,0,0,34,36,0.67,5,32,Overcast,1,91,100,32,-7.05,17.08,1
145,Saturday,4,1,0,7,early_morning,3,Unsecure element,0,0,34,36,0.67,5,34,snow,4,98,100,34,-0.15,10.18,1
149,Saturday,4,1,0,23,night,2,none,3,10,34,36,0.67,5,30,Overcast,1,83,82,34,14.95,-4.92,0
150,Saturday,4,1,0,1,late_night,1,none,0,0,34,36,0.67,5,32,Overcast,1,91,100,32,-7.05,17.08,0
151,Sunday,5,1,0,15,afternoon,6,none,3,0,41,46,0,10,46,cloudy,2,65,15,46,6.97,3.1,0
5,Sunday,5,1,0,4,early_morning,3,none,0,0,41,46,0,10,36,cloudy,3,84,60,36,-4.03,14.1,0
126,Monday,6,0,0,21,night,2,Assault,0,6,37,39,0,5,37,drizzle,6,88,82,37,13.33,-3.22,1
139,Monday,6,0,0,0,late_night,1,Emergency,3,11,37,39,0,5,39,cloudy,3,92,68,39,-7.38,17.5,1
139,Monday,6,0,0,0,late_night,1,Emergency,3,11,37,39,0,5,39,cloudy,3,92,68,39,-7.3,17.42,1
12,Monday,6,0,0,17,evening,4,none,0,0,37,39,0,5,39,rain,7,90,88,39,8.98,1.13,0
15,Monday,6,0,0,19,evening,4,none,1,1,37,39,0,5,37,rain,7,90,90,37,10.98,-0.87,0
139,Tuesday,7,0,0,2,late_night,1,Disturbance ,3,11,34,34,0,8.3,36,Overcast,1,86,97,36,-5.45,15.6,1
27,Tuesday,7,0,0,21,night,2,none,0,0,34,34,0,8.3,27,cloudy,2,64,48,32,13,-2.85,0
11,Tuesday,7,0,0,5,early_morning,3,none,0,0,34,34,0,8.3,36,sleet,19,86,100,36,-3,13.15,0
4,Wednesday,2,0,0,16,evening,4,Emergency,0,0,30,30,0,5.3,30,Overcast,1,66,98,30,8.75,1.43,1
32,Wednesday,2,0,0,10,morning,5,Emergency,0,0,30,30,0,5.3,30,cloudy,3,63,97,30,2.85,7.33,1
102,Wednesday,2,0,0,4,early_morning,3,Assault,0,6,30,30,0,5.3,28,Overcast,1,72,89,28,-3.02,13.2,1
122,Wednesday,2,0,0,16,evening,4,Disturbance ,0,0,30,30,0,5.3,30,Overcast,1,66,98,30,8.98,1.2,1
129,Wednesday,2,0,0,22,night,2,Disturbance ,2,9,30,30,0,5.3,28,Overcast,1,90,97,28,14.27,-4.08,1
33,Wednesday,2,0,0,14,afternoon,6,none,0,0,30,30,0,5.3,30,Overcast,1,61,100,30,6.02,4.17,0
35,Wednesday,2,0,0,13,afternoon,6,none,2,15,30,30,0,5.3,30,Overcast,1,61,100,30,5.02,5.17,0
129,Thursday,3,0,0,14,afternoon,6,Disturbance ,2,9,28,28,3.46,5.3,28,snow,4,84,100,28,6.28,3.93,1
129,Thursday,3,0,0,15,afternoon,6,Disturbance ,2,9,28,28,3.46,5.3,28,snow,4,82,100,28,7.93,2.28,1
29,Thursday,3,0,0,0,late_night,1,Emergency,0,5,28,28,3.46,5.3,28,snow,4,93,98,28,-7.88,18.1,1
97,Thursday,3,0,0,23,night,2,Disturbance ,0,3,28,28,3.46,5.3,27,snow,22,86,93,28,15.5,-5.28,1
141,Thursday,3,0,0,7,early_morning,3,General,0,7,28,28,3.46,5.3,28,snow,4,93,100,28,-0.72,10.93,1
141,Thursday,3,0,0,23,night,2,Disturbance ,0,7,28,28,3.46,5.3,27,snow,22,86,93,28,15.5,-5.28,1
36,Thursday,3,0,0,1,late_night,1,none,3,2,28,28,3.46,5.3,28,snow,4,93,98,28,-6.97,17.18,0
37,Thursday,3,0,0,15,afternoon,6,none,2,2,28,28,3.46,5.3,28,snow,4,82,100,28,7.03,3.18,0
16,Friday,1,0,0,4,early_morning,3,Assault,1,0,28,32,0.83,6.9,28,snow,22,86,81,28,-3.93,14.2,1
29,Friday,1,0,0,2,late_night,1,Disturbance ,0,5,28,32,0.83,6.9,28,snow,22,85,86,28,-5.6,15.87,1
30,Friday,1,0,0,0,late_night,1,General,0,0,28,32,0.83,6.9,27,snow,22,84,92,28,-7.8,18.07,1
53,Friday,1,0,0,22,night,2,Disturbance ,2,2,28,32,0.83,6.9,28,Overcast,1,81,90,28,15.02,-4.75,1
129,Friday,1,0,0,2,late_night,1,Disturbance ,2,9,28,32,0.83,6.9,28,snow,22,85,86,28,-5.3,15.57,1
133,Friday,1,0,0,5,early_morning,3,Disturbance ,5,5,28,32,0.83,6.9,27,snow,4,86,79,27,-1.98,12.25,1
38,Friday,1,0,0,20,night,2,none,0,2,28,32,0.83,6.9,30,Overcast,1,78,100,30,12.05,-1.78,0
39,Friday,1,0,0,21,night,2,none,1,3,28,32,0.83,6.9,30,Overcast,1,79,100,30,13.05,-2.78,0
126,Saturday,4,1,0,2,late_night,1,Assault,0,6,28,32,0.12,6.9,27,cloudy,2,89,75,27,-5.1,15.4,1
142,Saturday,4,1,0,1,late_night,1,Disturbance ,0,7,28,32,0.12,6.9,28,Overcast,1,87,73,28,-6.12,16.42,1
40,Saturday,4,1,0,12,afternoon,6,none,0,4,28,32,0.12,6.9,30,cloudy,2,81,63,30,4.07,6.23,0
43,Saturday,4,1,0,18,evening,4,none,0,1,28,32,0.12,6.9,30,snow,13,76,92,30,10.07,0.23,0
7,Sunday,5,1,0,15,afternoon,6,General,1,5,32,34,0,5.3,34,snow,10,94,100,34,7.58,2.75,1
139,Sunday,5,1,0,2,late_night,1,Assault,3,11,32,34,0,5.3,28,snow,24,82,88,28,-5.08,15.42,1
141,Sunday,5,1,0,17,evening,4,Maintenance,0,7,32,34,0,5.3,32,rain,20,96,100,34,9.27,1.07,1
145,Sunday,5,1,0,7,early_morning,3,Unsecure element,0,0,32,34,0,5.3,28,Overcast,1,82,69,28,-0.7,11.03,1
145,Sunday,5,1,0,7,early_morning,3,General,0,0,32,34,0,5.3,28,Overcast,1,82,69,28,-0.6,10.93,1
145,Sunday,5,1,0,20,night,2,Disturbance ,0,0,32,34,0,5.3,28,rain,20,97,100,32,12.58,-2.25,1
44,Sunday,5,1,0,3,late_night,1,none,1,2,32,34,0,5.3,27,snow,24,82,90,27,-4.92,15.25,0
45,Sunday,5,1,0,7,early_morning,3,none,1,3,32,34,0,5.3,28,Overcast,1,82,69,28,-0.92,11.25,0
114,Monday,6,0,0,12,afternoon,6,General,0,0,30,32,0.04,6.9,30,Overcast,1,82,96,30,4.15,6.23,1
116,Monday,6,0,0,15,afternoon,6,Assault,0,0,30,32,0.04,6.9,32,Overcast,1,79,81,32,7.22,3.17,1
116,Monday,6,0,0,15,afternoon,6,Assault,0,0,30,32,0.04,6.9,32,Overcast,1,79,81,32,7.87,2.52,1
116,Monday,6,0,0,14,afternoon,6,Assault,0,0,30,32,0.04,6.9,32,Overcast,1,80,86,32,6.92,3.47,1
128,Monday,6,0,0,11,morning,5,General,0,0,30,32,0.04,6.9,30,Overcast,1,83,97,30,3.45,6.93,1
47,Monday,6,0,0,16,evening,4,none,1,5,30,32,0.04,6.9,32,Overcast,1,80,72,32,8.12,2.27,0
48,Monday,6,0,0,8,morning,5,none,1,6,30,32,0.04,6.9,28,Overcast,1,85,93,28,0.12,10.27,0
29,Tuesday,7,0,0,1,late_night,1,Disturbance ,0,5,30,32,0,10.7,30,cloudy,2,77,37,30,-6.63,17.07,1
29,Tuesday,7,0,0,4,early_morning,3,Disturbance ,0,5,30,32,0,10.7,30,cloudy,2,73,42,30,-3.15,13.58,1
30,Tuesday,7,0,0,0,late_night,1,Disturbance ,0,0,30,32,0,10.7,28,cloudy,2,78,33,30,-7.78,18.22,1
86,Tuesday,7,0,0,0,late_night,1,Disturbance ,1,0,30,32,0,10.7,28,cloudy,2,78,33,30,-7.05,17.48,1
116,Tuesday,7,0,0,23,night,2,General,0,0,30,32,0,10.7,27,clear,25,65,0,30,15.2,-4.77,1
138,Tuesday,7,0,0,17,evening,4,Assault,3,0,30,32,0,10.7,30,cloudy,2,62,8,30,9.43,1,1
142,Tuesday,7,0,0,21,night,2,Access Control,0,7,30,32,0,10.7,27,clear,25,67,0,32,13.87,-3.43,1
49,Tuesday,7,0,0,12,afternoon,6,none,0,2,30,32,0,10.7,32,cloudy,2,62,36,32,4.13,6.3,0
51,Tuesday,7,0,0,18,evening,4,none,2,5,30,32,0,10.7,30,cloudy,2,65,2,30,10.13,0.3,0
81,Wednesday,2,0,0,7,early_morning,3,General,1,1,32,36,1.06,6.9,30,Overcast,1,63,27,30,-0.37,10.83,1
116,Wednesday,2,0,0,2,late_night,1,Disturbance ,0,0,32,36,1.06,6.9,28,cloudy,2,65,44,30,-5.65,16.12,1
119,Wednesday,2,0,0,15,afternoon,6,Disturbance ,0,5,32,36,1.06,6.9,34,Overcast,1,78,100,34,7.48,2.98,1
125,Wednesday,2,0,0,20,night,2,Theft,0,0,32,36,1.06,6.9,28,snow,4,97,100,30,12.48,-2.02,1
127,Wednesday,2,0,0,15,afternoon,6,Theft,0,1,32,36,1.06,6.9,34,Overcast,1,78,100,34,7.52,2.95,1
52,Wednesday,2,0,0,2,late_night,1,none,1,1,32,36,1.06,6.9,28,cloudy,2,65,44,30,-5.85,16.32,0
1,Wednesday,2,0,0,3,late_night,1,none,0,0,32,36,1.06,6.9,28,cloudy,2,66,66,28,-4.85,15.32,0
16,Thursday,3,0,0,6,early_morning,3,General,1,0,19,25,2.4,5.4,27,snow,4,93,100,27,-1.33,11.83,1
24,Thursday,3,0,0,22,night,2,Disturbance ,3,4,19,25,2.4,5.4,10,snow,4,82,100,10,14.87,-4.37,1
30,Thursday,3,0,0,16,evening,4,Assault,0,0,19,25,2.4,5.4,14,snow,4,85,100,14,8.82,1.68,1
139,Thursday,3,0,0,0,late_night,1,General,3,11,19,25,2.4,5.4,30,snow,4,98,100,30,-7.07,17.57,1
55,Thursday,3,0,0,15,afternoon,6,none,0,0,19,25,2.4,5.4,14,snow,4,87,100,14,7.17,3.33,0
57,Friday,1,0,0,4,early_morning,3,none,0,0,9,14,0,10.7,5,snow,13,88,38,5,-3.8,14.37,0
58,Friday,1,0,0,16,evening,4,none,4,0,9,14,0,10.7,14,Sunny,14,76,4,14,8.2,2.37,0
10,Saturday,4,1,0,3,late_night,1,Disturbance ,4,20,23,30,0.08,6.9,12,clear,25,76,5,12,-4.47,15.07,1
16,Saturday,4,1,0,4,early_morning,3,Disturbance ,1,0,23,30,0.08,6.9,12,clear,25,75,15,12,-3.52,14.12,1
29,Saturday,4,1,0,1,late_night,1,Disturbance ,0,5,23,30,0.08,6.9,10,clear,25,78,2,10,-6.3,16.9,1
125,Saturday,4,1,0,0,late_night,1,Disturbance ,0,0,23,30,0.08,6.9,10,clear,25,79,0,10,-6.82,17.42,1
59,Saturday,4,1,0,20,night,2,none,2,2,23,30,0.08,6.9,21,snow,4,90,57,27,12.22,-1.62,0
60,Saturday,4,1,0,21,night,2,none,1,1,23,30,0.08,6.9,19,snow,4,90,39,25,13.22,-2.62,0
24,Sunday,5,1,0,0,late_night,1,Assault,3,4,28,34,0,10.8,23,cloudy,2,93,34,25,-7.77,18.4,1
100,Sunday,5,1,0,18,evening,4,Disturbance ,1,4,28,34,0,10.8,32,cloudy,2,83,35,32,10.5,0.13,1
113,Sunday,5,1,0,14,afternoon,6,Disturbance ,0,0,28,34,0,10.8,32,cloudy,2,81,10,32,7.2,3.43,1
128,Sunday,5,1,0,5,early_morning,3,Disturbance ,0,0,28,34,0,10.8,23,Mist,26,94,40,23,-2.37,13,1
141,Sunday,5,1,0,20,night,2,Disturbance ,0,7,28,34,0,10.8,28,cloudy,2,83,57,32,12.32,-1.68,1
141,Sunday,5,1,0,20,night,2,Disturbance ,0,7,28,34,0,10.8,28,cloudy,2,83,57,32,12.8,-2.17,1
61,Sunday,5,1,0,14,afternoon,6,none,0,0,28,34,0,10.8,32,cloudy,2,81,10,32,6.23,4.4,0
62,Sunday,5,1,0,13,afternoon,6,none,3,1,28,34,0,10.8,32,cloudy,2,82,10,32,5.23,5.4,0
26,Monday,6,0,1,8,morning,5,Disturbance ,1,4,34,37,0,5.4,32,cloudy,3,79,70,32,1.02,9.67,1
125,Monday,6,0,1,18,evening,4,Disturbance ,0,0,34,37,0,5.4,32,rain,20,97,100,36,10.97,-0.28,1
129,Monday,6,0,1,22,night,2,Disturbance ,2,9,34,37,0,5.4,27,rain,9,97,100,30,14.92,-4.23,1
129,Monday,6,0,1,2,late_night,1,Emergency,2,9,34,37,0,5.4,30,Overcast,1,80,96,30,-5.57,16.25,1
129,Monday,6,0,1,22,night,2,General,2,9,34,37,0,5.4,27,rain,9,97,100,30,14.52,-3.83,1
132,Monday,6,0,1,18,evening,4,Disturbance ,3,3,34,37,0,5.4,32,rain,20,97,100,36,10.97,-0.28,1
63,Monday,6,0,1,1,late_night,1,none,1,0,34,37,0,5.4,30,cloudy,3,80,94,30,-6.73,17.42,0
65,Monday,6,0,1,15,afternoon,6,none,1,0,34,37,0,5.4,36,Overcast,1,89,100,36,7.27,3.42,0
2,Tuesday,7,0,0,3,late_night,1,Disturbance ,1,2,34,34,0.04,10.1,36,rain,20,97,100,36,-4.72,15.45,1
30,Tuesday,7,0,0,0,late_night,1,Disturbance ,0,0,34,34,0.04,10.1,30,rain,8,98,100,32,-7.72,18.45,1
125,Tuesday,7,0,0,19,evening,4,Disturbance ,0,0,34,34,0.04,10.1,30,cloudy,2,72,11,30,12.23,-1.5,1
145,Tuesday,7,0,0,9,morning,5,Unsecure element,0,0,34,34,0.04,10.1,34,snow,12,84,100,34,1.32,9.42,1
148,Tuesday,7,0,0,19,evening,4,Theft,1,5,34,34,0.04,10.1,30,cloudy,2,72,11,30,12.23,-1.5,1
66,Tuesday,7,0,0,19,evening,4,none,1,0,34,34,0.04,10.1,30,cloudy,2,72,11,30,11.28,-0.55,0
67,Tuesday,7,0,0,20,night,2,none,1,1,34,34,0.04,10.1,30,cloudy,2,74,19,30,12.28,-1.55,0
10,Wednesday,2,0,0,2,late_night,1,Disturbance ,4,20,23,27,0,10.9,25,cloudy,3,67,39,25,-4.8,15.58,1
10,Wednesday,2,0,0,16,evening,4,Access Control,4,20,23,27,0,10.9,25,cloudy,2,40,37,25,8.73,2.05,1
53,Wednesday,2,0,0,0,late_night,1,Disturbance ,2,2,23,27,0,10.9,27,cloudy,2,74,63,27,-7.17,17.95,1
114,Wednesday,2,0,0,11,morning,5,Disturbance ,0,0,23,27,0,10.9,23,cloudy,2,46,9,23,3.65,7.13,1
126,Wednesday,2,0,0,14,afternoon,6,General,0,6,23,27,0,10.9,25,cloudy,2,40,28,25,6.97,3.82,1
140,Wednesday,2,0,0,20,night,2,Assault,1,5,23,27,0,10.9,25,cloudy,2,45,55,25,12.82,-2.03,1
68,Wednesday,2,0,0,11,morning,5,none,0,1,23,27,0,10.9,23,cloudy,2,46,9,23,3.32,7.47,0
69,Wednesday,2,0,0,14,afternoon,6,none,1,0,23,27,0,10.9,25,cloudy,2,40,28,25,6.32,4.47,0
19,Thursday,3,0,0,4,early_morning,3,Disturbance ,4,20,18,21,0,10.9,18,cloudy,3,58,44,18,-2.9,13.72,1
29,Thursday,3,0,0,0,late_night,1,Disturbance ,0,5,18,21,0,10.9,21,cloudy,3,52,78,21,-7.17,17.98,1
53,Thursday,3,0,0,23,night,2,Disturbance ,2,2,18,21,0,10.9,19,clear,25,50,0,19,15.33,-4.52,1
72,Thursday,3,0,0,3,late_night,1,none,1,0,18,21,0,10.9,19,cloudy,3,56,56,19,-4.67,15.48,0
76,Thursday,3,0,0,7,early_morning,3,none,1,0,18,21,0,10.9,16,cloudy,2,61,12,16,-0.67,11.48,0
30,Friday,1,0,0,8,morning,5,Theft,0,0,25,34,0,10.9,19,Sunny,14,45,0,19,1.12,9.73,1
30,Friday,1,0,0,9,morning,5,Accident,0,0,25,34,0,10.9,19,Sunny,14,42,0,19,2.1,8.75,1
29,Friday,1,0,0,1,late_night,1,Emergency,0,5,25,34,0,10.9,18,clear,25,53,0,18,-6.48,17.33,1
29,Friday,1,0,0,3,late_night,1,Emergency,0,5,25,34,0,10.9,18,clear,25,56,0,18,-4.03,14.88,1
30,Friday,1,0,0,0,late_night,1,Alarms,0,0,25,34,0,10.9,19,clear,25,52,0,19,-7.58,18.43,1
82,Friday,1,0,0,8,morning,5,Disturbance ,0,0,25,34,0,10.9,19,Sunny,14,45,0,19,0.4,10.45,1
115,Friday,1,0,0,9,morning,5,Disturbance ,0,0,25,34,0,10.9,19,Sunny,14,42,0,19,1.85,9,1
122,Friday,1,0,0,8,morning,5,General,0,0,25,34,0,10.9,19,Sunny,14,45,0,19,0.97,9.88,1
77,Friday,1,0,0,17,evening,4,none,1,2,25,34,0,10.9,32,Sunny,14,32,0,32,9.35,1.5,0
78,Friday,1,0,0,19,evening,4,none,0,0,25,34,0,10.9,32,Sunny,14,36,2,32,11.35,-0.5,0
14,Saturday,4,1,0,3,late_night,1,Disturbance ,0,0,36,41,0,11,32,clear,25,47,0,32,-4.15,15.07,1
29,Saturday,4,1,0,3,late_night,1,Disturbance ,0,5,36,41,0,11,32,clear,25,47,0,32,-3.8,14.72,1
29,Saturday,4,1,0,1,late_night,1,Disturbance ,0,5,36,41,0,11,32,cloudy,2,45,2,32,-5.63,16.55,1
53,Saturday,4,1,0,22,night,2,General,2,2,36,41,0,11,30,cloudy,2,60,4,32,14.88,-3.97,1
116,Saturday,4,1,0,3,late_night,1,Disturbance ,0,0,36,41,0,11,32,clear,25,47,0,32,-4.27,15.18,1
116,Saturday,4,1,0,3,late_night,1,Accident,0,0,36,41,0,11,32,clear,25,47,0,32,-4.52,15.43,1
145,Saturday,4,1,0,8,morning,5,Unsecure element,0,0,36,41,0,11,32,Sunny,14,53,0,32,0.93,9.98,1
79,Saturday,4,1,0,11,morning,5,none,0,2,36,41,0,11,34,Sunny,14,53,0,34,3.38,7.53,0
80,Saturday,4,1,0,14,afternoon,6,none,1,4,36,41,0,11,39,Sunny,14,51,2,39,6.38,4.53,0
7,Sunday,5,1,0,19,evening,4,Disturbance ,1,5,39,46,0,11,43,cloudy,2,81,7,43,12.32,-1.37,1
18,Sunday,5,1,0,22,night,2,General,0,0,39,46,0,11,39,cloudy,2,86,11,39,14.6,-3.65,1
53,Sunday,5,1,0,20,night,2,Emergency,2,2,39,46,0,11,43,cloudy,2,83,7,43,13.32,-2.37,1
114,Sunday,5,1,0,4,early_morning,3,Disturbance ,0,0,39,46,0,11,36,clear,25,74,2,36,-3.28,14.23,1
84,Sunday,5,1,0,7,early_morning,3,none,0,0,39,46,0,11,34,cloudy,2,78,6,34,-0.6,11.55,0
85,Sunday,5,1,0,22,night,2,none,0,0,39,46,0,11,39,cloudy,2,86,11,39,14.4,-3.45,0
114,Monday,6,0,0,1,late_night,1,Assault,0,0,37,39,0,5.5,36,cloudy,2,87,39,36,-6.08,17.08,1
29,Monday,6,0,0,2,late_night,1,Accident,0,5,37,39,0,5.5,34,cloudy,2,88,57,34,-4.72,15.72,1
53,Monday,6,0,0,0,late_night,1,Disturbance ,2,2,37,39,0,5.5,37,cloudy,2,87,20,37,-7,18,1
54,Monday,6,0,0,4,early_morning,3,Disturbance ,1,3,37,39,0,5.5,34,cloudy,2,88,84,34,-3.33,14.33,1
93,Monday,6,0,0,0,late_night,1,Disturbance ,0,0,37,39,0,5.5,37,cloudy,2,87,20,37,-7.42,18.42,1
117,Monday,6,0,0,19,evening,4,Disturbance ,0,0,37,39,0,5.5,28,drizzle,6,90,100,32,12.33,-1.33,1
129,Monday,6,0,0,22,night,2,Disturbance ,2,9,37,39,0,5.5,27,rain,8,92,100,30,15.4,-4.4,1
87,Monday,6,0,0,17,evening,4,none,1,0,37,39,0,5.5,32,drizzle,6,87,100,36,9.43,1.57,0
89,Monday,6,0,0,19,evening,4,none,1,4,37,39,0,5.5,28,drizzle,6,90,100,32,11.43,-0.43,0
8,Tuesday,7,0,0,6,early_morning,3,General,5,2,34,36,0,5.5,36,drizzle,6,91,100,36,-1.07,12.1,1
8,Tuesday,7,0,0,1,late_night,1,Disturbance ,5,2,34,36,0,5.5,37,rain,8,92,100,37,-6.48,17.52,1
16,Tuesday,7,0,0,7,early_morning,3,Disturbance ,1,0,34,36,0,5.5,36,drizzle,6,92,100,36,-0.55,11.58,1
28,Tuesday,7,0,0,9,morning,5,Disturbance ,0,0,34,36,0,5.5,34,sleet,19,94,100,34,2,9.03,1
42,Tuesday,7,0,0,9,morning,5,Disturbance ,3,6,34,36,0,5.5,34,sleet,19,94,100,34,2.2,8.83,1
53,Tuesday,7,0,0,7,early_morning,3,General,2,2,34,36,0,5.5,36,drizzle,6,92,100,36,-0.13,11.17,1
53,Tuesday,7,0,0,19,evening,4,Disturbance ,2,2,34,36,0,5.5,34,snow,10,97,100,34,11.8,-0.77,1
107,Tuesday,7,0,0,6,early_morning,3,Disturbance ,2,0,34,36,0,5.5,36,drizzle,6,91,100,36,-0.78,11.82,1
114,Tuesday,7,0,0,15,afternoon,6,Disturbance ,0,0,34,36,0,5.5,34,snow,10,96,100,34,7.95,3.08,1
115,Tuesday,7,0,0,8,morning,5,Assault,0,0,34,36,0,5.5,34,sleet,19,93,100,34,1.03,10,1
115,Tuesday,7,0,0,8,morning,5,Disturbance ,0,0,34,36,0,5.5,34,sleet,19,93,100,34,1.05,9.98,1
134,Tuesday,7,0,0,15,afternoon,6,Disturbance ,1,4,34,36,0,5.5,34,snow,10,96,100,34,7.95,3.08,1
140,Tuesday,7,0,0,13,afternoon,6,General,1,5,34,36,0,5.5,34,snow,10,97,100,34,6.12,4.92,1
142,Tuesday,7,0,0,11,morning,5,Disturbance ,0,7,34,36,0,5.5,34,snow,10,96,100,34,4.23,6.8,1
88,Tuesday,7,0,0,22,night,2,none,4,0,34,36,0,5.5,32,snow,10,97,100,32,14.45,-3.42,0
90,Tuesday,7,0,0,23,night,2,none,0,0,34,36,0,5.5,32,snow,10,97,100,32,15.45,-4.42,0
2,Wednesday,2,0,0,22,night,2,Accident,1,2,30,30,0,5.5,27,snow,10,75,55,27,15.47,-4.38,1
2,Wednesday,2,0,0,16,evening,4,Disturbance ,1,2,30,30,0,5.5,30,snow,10,87,100,30,8.83,2.25,1
6,Wednesday,2,0,0,3,late_night,1,Access Control,0,0,30,30,0,5.5,30,snow,10,96,100,30,-4.15,15.23,1
6,Wednesday,2,0,0,10,morning,5,Unsecure element,0,0,30,30,0,5.5,30,snow,10,95,100,30,3.02,8.07,1
24,Wednesday,2,0,0,23,night,2,Disturbance ,3,4,30,30,0,5.5,27,cloudy,2,75,61,27,16.43,-5.35,1
30,Wednesday,2,0,0,17,evening,4,Theft,0,0,30,30,0,5.5,28,snow,10,85,100,28,10.13,0.95,1
30,Wednesday,2,0,0,22,night,2,Disturbance ,0,0,30,30,0,5.5,27,snow,10,75,55,27,15,-3.92,1
96,Wednesday,2,0,0,23,night,2,Theft,0,0,30,30,0,5.5,27,cloudy,2,75,61,27,16.45,-5.37,1
126,Wednesday,2,0,0,7,early_morning,3,Disturbance ,0,6,30,30,0,5.5,30,snow,10,96,100,30,-0.35,11.43,1
129,Wednesday,2,0,0,3,late_night,1,Disturbance ,2,9,30,30,0,5.5,30,snow,10,96,100,30,-4.4,15.48,1
129,Wednesday,2,0,0,3,late_night,1,Tresspass,2,9,30,30,0,5.5,30,snow,10,96,100,30,-3.78,14.87,1
130,Wednesday,2,0,0,18,evening,4,Tresspass,2,1,30,30,0,5.5,28,snow,10,84,100,28,11.38,-0.3,1
130,Wednesday,2,0,0,19,evening,4,Disturbance ,2,1,30,30,0,5.5,28,snow,10,81,83,28,11.72,-0.63,1
130,Wednesday,2,0,0,23,night,2,Accident,2,1,30,30,0,5.5,27,cloudy,2,75,61,27,15.73,-4.65,1
139,Wednesday,2,0,0,7,early_morning,3,General,3,11,30,30,0,5.5,30,snow,10,96,100,30,0.25,10.83,1
91,Wednesday,2,0,0,11,morning,5,none,2,0,30,30,0,5.5,30,snow,10,95,100,30,3.48,7.6,0
92,Wednesday,2,0,0,14,afternoon,6,none,1,4,30,30,0,5.5,30,snow,10,91,100,30,6.48,4.6,0
30,Thursday,3,0,0,0,late_night,1,Disturbance ,0,0,25,28,0,7.1,27,cloudy,2,75,66,27,-7.32,18.45,1
30,Thursday,3,0,0,0,late_night,1,Disturbance ,0,0,25,28,0,7.1,27,cloudy,2,75,66,27,-6.8,17.93,1
30,Thursday,3,0,0,0,late_night,1,Disturbance ,0,0,25,28,0,7.1,27,cloudy,2,75,66,27,-6.77,17.9,1
53,Thursday,3,0,0,1,late_night,1,Disturbance ,2,2,25,28,0,7.1,25,cloudy,2,76,73,25,-5.58,16.72,1
54,Thursday,3,0,0,4,early_morning,3,Disturbance ,1,3,25,28,0,7.1,25,snow,24,77,86,25,-3.3,14.43,1
114,Thursday,3,0,0,3,late_night,1,Disturbance ,0,0,25,28,0,7.1,25,snow,24,77,88,25,-3.62,14.75,1
122,Thursday,3,0,0,5,early_morning,3,Disturbance ,0,0,25,28,0,7.1,23,snow,13,76,84,23,-1.67,12.8,1
133,Thursday,3,0,0,16,evening,4,Disturbance ,5,5,25,28,0,7.1,27,Overcast,1,62,70,27,8.62,2.52,1
95,Thursday,3,0,0,15,afternoon,6,none,2,3,25,28,0,7.1,28,Overcast,1,61,88,28,7.5,3.63,0
98,Thursday,3,0,0,4,early_morning,3,none,4,1,25,28,0,7.1,25,snow,24,77,86,25,-3.5,14.63,0
13,Friday,1,0,0,9,morning,5,General,0,0,23,27,0,7.1,21,Overcast,1,72,90,21,2.03,9.15,1
30,Friday,1,0,0,15,afternoon,6,Accident,0,0,23,27,0,7.1,27,Overcast,1,58,64,27,7.8,3.38,1
129,Friday,1,0,0,23,night,2,Disturbance ,2,9,23,27,0,7.1,25,cloudy,2,65,13,25,15.87,-4.68,1
99,Friday,1,0,0,17,evening,4,none,1,3,23,27,0,7.1,25,snow,23,60,40,25,9.53,1.65,0
103,Friday,1,0,0,19,evening,4,none,0,0,23,27,0,7.1,25,snow,23,61,23,25,11.53,-0.35,0
2,Saturday,4,1,0,10,morning,5,Access Control,1,2,27,32,0,11.1,23,Sunny,14,64,1,23,2.95,8.28,1
129,Saturday,4,1,0,6,early_morning,3,Disturbance ,2,9,27,32,0,11.1,21,clear,25,73,0,21,-1.43,12.67,1
139,Saturday,4,1,0,2,late_night,1,Disturbance ,3,11,27,32,0,11.1,23,cloudy,2,69,6,23,-4.7,15.93,1
142,Saturday,4,1,0,23,night,2,Emergency,0,7,27,32,0,11.1,30,cloudy,2,64,10,30,15.73,-4.5,1
148,Saturday,4,1,0,23,night,2,Disturbance ,1,5,27,32,0,11.1,30,cloudy,2,64,10,30,16.03,-4.8,1
104,Saturday,4,1,0,18,evening,4,none,0,1,27,32,0,11.1,32,cloudy,2,53,5,32,10.57,0.67,0
105,Saturday,4,1,0,6,early_morning,3,none,0,0,27,32,0,11.1,21,clear,25,73,0,21,-1.43,12.67,0
6,Sunday,5,1,0,7,early_morning,3,General,0,0,39,45,0,8.6,34,cloudy,2,75,44,34,0.03,11.23,1
6,Sunday,5,1,0,7,early_morning,3,Motor Vehicle Vandalism,0,0,39,45,0,8.6,34,cloudy,2,75,44,34,0.47,10.8,1
6,Sunday,5,1,0,15,afternoon,6,General,0,0,39,45,0,8.6,43,cloudy,2,82,75,43,7.67,3.6,1
30,Sunday,5,1,0,10,morning,5,Assault,0,0,39,45,0,8.6,37,cloudy,2,77,46,37,3.15,8.12,1
53,Sunday,5,1,0,15,afternoon,6,Disturbance ,2,2,39,45,0,8.6,43,cloudy,2,82,75,43,8.33,2.93,1
106,Sunday,5,1,0,3,late_night,1,none,0,1,39,45,0,8.6,32,cloudy,2,66,36,32,-4.42,15.68,0
108,Sunday,5,1,0,7,early_morning,3,none,0,0,39,45,0,8.6,34,cloudy,2,75,44,34,-0.42,11.68,0
29,Monday,6,0,0,3,late_night,1,Disturbance ,0,5,39,43,0,10.1,39,rain,27,94,100,39,-3.83,15.17,1
114,Monday,6,0,0,9,morning,5,General,0,0,39,43,0,10.1,36,drizzle,6,78,39,36,1.95,9.38,1
115,Monday,6,0,0,9,morning,5,General,0,0,39,43,0,10.1,36,drizzle,6,78,39,36,2.53,8.8,1
122,Monday,6,0,0,6,early_morning,3,General,0,0,39,43,0,10.1,36,drizzle,6,89,92,36,-0.92,12.25,1
126,Monday,6,0,0,11,morning,5,Disturbance ,0,6,39,43,0,10.1,37,cloudy,2,69,21,37,3.87,7.47,1
109,Monday,6,0,0,16,evening,4,none,0,3,39,43,0,10.1,43,cloudy,2,58,43,43,8.62,2.72,0
110,Monday,6,0,0,8,morning,5,none,0,0,39,43,0,10.1,36,drizzle,6,82,57,36,0.62,10.72,0
2,Tuesday,7,0,0,2,late_night,1,Disturbance ,1,2,41,45,0,7.1,37,cloudy,2,80,42,37,-4.52,15.88,1
2,Tuesday,7,0,0,9,morning,5,General,1,2,41,45,0,7.1,37,cloudy,2,71,58,37,2.13,9.23,1
21,Tuesday,7,0,0,3,late_night,1,Disturbance ,0,0,41,45,0,7.1,36,cloudy,2,82,46,36,-4.25,15.62,1
2,Tuesday,7,0,0,7,early_morning,3,Disturbance ,1,2,41,45,0,7.1,36,cloudy,2,80,39,36,0.42,10.95,1
111,Tuesday,7,0,0,21,night,2,none,1,8,41,45,0,7.1,41,rain,7,57,32,41,13.63,-2.27,0
118,Tuesday,7,0,0,5,early_morning,3,none,3,9,41,45,0,7.1,36,cloudy,2,84,35,36,-2.37,13.73,0
9,Wednesday,2,0,0,7,early_morning,3,General,0,0,37,41,0.31,8.6,36,cloudy,2,86,81,36,0.17,11.25,1
9,Wednesday,2,0,0,21,night,2,Disturbance ,0,0,37,41,0.31,8.6,34,clear,25,58,3,37,14.08,-2.67,1
71,Wednesday,2,0,0,20,night,2,Theft,0,0,37,41,0.31,8.6,36,clear,25,55,2,39,12.88,-1.47,1
115,Wednesday,2,0,0,1,late_night,1,General,0,0,37,41,0.31,8.6,39,cloudy,2,67,17,39,-6.08,17.5,1
128,Wednesday,2,0,0,0,late_night,1,General,0,0,37,41,0.31,8.6,39,cloudy,2,65,12,39,-6.67,18.08,1
129,Wednesday,2,0,0,0,late_night,1,Tresspass,2,9,37,41,0.31,8.6,39,cloudy,2,65,12,39,-6.95,18.37,1
120,Wednesday,2,0,0,13,afternoon,6,none,0,6,37,41,0.31,8.6,39,snow,28,51,60,39,5.67,5.75,0
121,Wednesday,2,0,0,0,late_night,1,none,0,9,37,41,0.31,8.6,39,cloudy,2,65,12,39,-7.33,18.75,0
16,Thursday,3,0,0,3,late_night,1,Accident,1,0,43,48,0,10.1,37,cloudy,2,64,7,37,-4.3,15.77,1
16,Thursday,3,0,0,5,early_morning,3,Disturbance ,1,0,43,48,0,10.1,37,cloudy,2,62,10,37,-2.3,13.77,1
16,Thursday,3,0,0,15,afternoon,6,General,1,0,43,48,0,10.1,46,Overcast,1,52,38,46,8.43,3.03,1
29,Thursday,3,0,0,2,late_night,1,Accident,0,5,43,48,0,10.1,37,cloudy,2,65,6,39,-4.53,16,1
31,Thursday,3,0,0,2,late_night,1,Accident,0,0,43,48,0,10.1,37,cloudy,2,65,6,39,-4.37,15.83,1
122,Thursday,3,0,0,1,late_night,1,Disturbance ,0,0,43,48,0,10.1,37,cloudy,2,65,5,39,-5.73,17.2,1
141,Thursday,3,0,0,22,night,2,Disturbance ,0,7,43,48,0,10.1,39,rain,7,68,79,39,15.25,-3.78,1
137,Thursday,3,0,0,4,early_morning,3,none,2,6,43,48,0,10.1,37,cloudy,2,63,9,37,-3.3,14.77,0
146,Thursday,3,0,0,16,evening,4,none,0,0,43,48,0,10.1,46,Overcast,1,53,39,46,8.7,2.77,0
29,Friday,1,0,0,0,late_night,1,Disturbance ,0,5,32,34,0.12,8.6,37,snow,22,78,93,37,-6.42,17.92,1
30,Friday,1,0,0,22,night,2,Theft,0,0,32,34,0.12,8.6,32,clear,25,67,5,32,15.28,-3.78,1
93,Friday,1,0,0,23,night,2,Disturbance ,0,0,32,34,0.12,8.6,32,cloudy,2,67,7,32,16.12,-4.62,1
129,Friday,1,0,0,22,night,2,Disturbance ,2,9,32,34,0.12,8.6,32,clear,25,67,5,32,15.07,-3.57,1
112,Friday,1,0,0,2,late_night,1,Disturbance ,1,2,32,34,0.12,8.6,34,snow,12,80,98,34,-4.68,16.18,1
149,Friday,1,0,0,21,night,2,none,3,10,32,34,0.12,8.6,32,clear,25,67,4,32,13.72,-2.22,0
150,Friday,1,0,0,5,early_morning,3,none,0,0,32,34,0.12,8.6,32,snow,10,77,100,32,-2.28,13.78,0
115,Saturday,4,1,0,2,late_night,1,Disturbance ,0,0,39,46,0,11.3,34,cloudy,2,66,8,34,-4.63,16.18,1
151,Saturday,4,1,0,12,afternoon,6,none,3,0,39,46,0,11.3,39,cloudy,2,46,4,39,4.75,6.8,0
5,Saturday,4,1,0,18,evening,4,none,0,0,39,46,0,11.3,46,cloudy,2,42,1,46,10.75,0.8,0
126,Sunday,5,1,0,1,late_night,1,none,0,6,46,55,0,11.4,41,cloudy,2,51,16,41,-6.2,17.82,1
4,Sunday,5,1,0,6,early_morning,3,Theft,0,0,46,55,0,11.4,41,cloudy,2,60,76,41,-0.33,11.95,1
12,Sunday,5,1,0,14,afternoon,6,none,0,0,46,55,0,11.4,52,cloudy,2,46,3,52,6.78,4.83,0
15,Sunday,5,1,0,13,afternoon,6,none,1,1,46,55,0,11.4,50,cloudy,2,48,4,50,5.78,5.83,0
139,Monday,6,0,0,21,night,2,Access Control,3,11,50,52,0,5.7,48,rain,20,93,100,52,14.1,-2.45,1
27,Monday,6,0,0,2,late_night,1,none,0,0,50,52,0,5.7,52,cloudy,2,60,9,52,-5.2,16.85,0
11,Monday,6,0,0,3,late_night,1,none,0,0,50,52,0,5.7,52,cloudy,2,63,11,52,-4.2,15.85,0
17,Tuesday,7,0,0,16,evening,4,General,1,0,37,39,0,10.1,39,cloudy,2,62,13,39,9.78,1.92,1
86,Tuesday,7,0,0,19,evening,4,Disturbance ,1,0,37,39,0,10.1,37,cloudy,2,63,48,37,12.77,-1.07,1
143,Tuesday,7,0,0,14,afternoon,6,Motor Vehicle Vandalism,0,0,37,39,0,10.1,37,cloudy,2,65,13,37,7,4.7,1
33,Tuesday,7,0,0,1,late_night,1,none,0,0,37,39,0,10.1,46,rain,20,91,100,48,-6.17,17.87,0
35,Tuesday,7,0,0,15,afternoon,6,none,2,15,37,39,0,10.1,39,cloudy,2,62,4,39,7.83,3.87,0
6,Wednesday,2,0,0,16,evening,4,Motor Vehicle Vandalism,0,0,43,48,0,8.7,48,cloudy,2,66,84,48,9.32,2.43,1
16,Wednesday,2,0,0,20,night,2,Disturbance ,1,0,43,48,0,8.7,46,Overcast,1,70,72,46,12.87,-1.12,1
50,Wednesday,2,0,0,20,night,2,Theft,3,4,43,48,0,8.7,46,Overcast,1,70,72,46,12.87,-1.12,1
53,Wednesday,2,0,0,0,late_night,1,Disturbance ,2,2,43,48,0,8.7,37,Overcast,1,67,100,37,-7.02,18.77,1
83,Wednesday,2,0,0,4,early_morning,3,Disturbance ,0,0,43,48,0,8.7,37,Overcast,1,71,96,37,-2.63,14.38,1
114,Wednesday,2,0,0,20,night,2,Hazards,0,0,43,48,0,8.7,46,Overcast,1,70,72,46,13.43,-1.68,1
114,Wednesday,2,0,0,21,night,2,Hazards,0,0,43,48,0,8.7,45,Overcast,1,72,59,45,13.98,-2.23,1
36,Wednesday,2,0,0,21,night,2,none,3,2,43,48,0,8.7,45,Overcast,1,72,59,45,13.87,-2.12,0
37,Wednesday,2,0,0,5,early_morning,3,none,2,2,43,48,0,8.7,37,rain,7,72,93,37,-2.13,13.88,0
19,Thursday,3,0,0,17,evening,4,Disturbance ,4,20,48,55,0,7.2,54,cloudy,2,75,63,54,10.4,1.38,1
46,Thursday,3,0,0,17,evening,4,Disturbance ,1,1,48,55,0,7.2,54,cloudy,2,75,63,54,10.4,1.38,1
75,Thursday,3,0,0,1,late_night,1,Disturbance ,3,3,48,55,0,7.2,43,cloudy,2,79,11,43,-6.1,17.88,1
129,Thursday,3,0,0,2,late_night,1,Disturbance ,2,9,48,55,0,7.2,43,cloudy,2,81,7,43,-4.3,16.08,1
130,Thursday,3,0,0,2,late_night,1,Disturbance ,2,1,48,55,0,7.2,43,cloudy,2,81,7,43,-4.48,16.27,1
136,Thursday,3,0,0,0,late_night,1,Emergency,1,4,48,55,0,7.2,43,cloudy,2,77,16,43,-6.33,18.12,1
142,Thursday,3,0,0,17,evening,4,Access Control,0,7,48,55,0,7.2,54,cloudy,2,75,63,54,10.4,1.38,1
38,Thursday,3,0,0,0,late_night,1,none,0,2,48,55,0,7.2,43,cloudy,2,77,16,43,-7.12,18.9,0
39,Thursday,3,0,0,2,late_night,1,none,1,3,48,55,0,7.2,43,cloudy,2,81,7,43,-5.12,16.9,0
25,Friday,1,0,0,0,late_night,1,Disturbance ,0,0,39,45,0,11.5,45,rain,8,71,90,45,-6.13,17.97,1
83,Friday,1,0,0,4,early_morning,3,Disturbance ,0,0,39,45,0,11.5,37,rain,7,61,19,37,-2.5,14.33,1
122,Friday,1,0,0,1,late_night,1,Emergency,0,0,39,45,0,11.5,43,rain,8,68,69,43,-6,17.83,1
40,Friday,1,0,0,23,night,2,none,0,4,39,45,0,11.5,41,cloudy,2,44,53,41,15.92,-4.08,0
43,Friday,1,0,0,1,late_night,1,none,0,1,39,45,0,11.5,43,rain,8,68,69,43,-6.08,17.92,0
23,Saturday,4,1,0,1,late_night,1,Disturbance ,0,0,36,37,0.08,5.8,39,cloudy,2,51,54,39,-5.85,17.75,1
123,Saturday,4,1,0,3,late_night,1,Disturbance ,1,5,36,37,0.08,5.8,37,cloudy,3,60,41,37,-3.38,15.28,1
139,Saturday,4,1,0,23,night,2,Disturbance ,3,11,36,37,0.08,5.8,32,snow,22,82,99,34,16.92,-5.02,1
44,Saturday,4,1,0,8,morning,5,none,1,2,36,37,0.08,5.8,36,Overcast,1,69,92,36,0.95,10.95,0
45,Saturday,4,1,0,9,morning,5,none,1,3,36,37,0.08,5.8,36,Overcast,1,70,100,36,1.95,9.95,0
